{"type": "FeatureCollection", "features": [{"type": "Feature", "geometry": {"type": "Point", "coordinates": [85.9495371, 20.0658873]}, "properties": {"id": 2114763837, "type": "power", "name": "Unnamed Asset", "criticality_weight": 0.9}}, {"type": "Feature", "geometry": {"type": "Point", "coordinates": [85.9467284, 20.0678361]}, "properties": {"id": 2114763838, "type": "power", "name": "Unnamed Asset", "criticality_weight": 0.9}}, {"type": "Feature", "geometry": {"type": "Point", "coordinates": [85.9441051, 20.0696288]}, "properties": {"id": 2114763839, "type": "power", "name": "Unnamed Asset", "criticality_weight": 0.9}}, {"type": "Feature", "geometry": {"type": "Point", "coordinates": [85.9418237, 20.0711638]}, "properties": {"id": 2114763840, "type": "power", "name": "Unnamed Asset", "criticality_weight": 0.9}}, {"type": "Feature", "geometry": {"type": "Point", "coordinates": [85.9395558, 20.0727187]}, "properties": {"id": 2114763841, "type": "power", "name": "Unnamed Asset", "criticality_weight": 0.9}}, {"type": "Feature", "geometry": {"type": "Point", "coordinates": [85.9371701, 20.0743499]}, "properties": {"id": 2114763842, "type": "power", "name": "Unnamed Asset", "criticality_weight": 0.9}}, {"type": "Feature", "geometry": {"type": "Point", "coordinates": [85.9347941, 20.0759374]}, "properties": {"id": 2114763843, "type": "power", "name": "Unnamed Asset", "criticality_weight": 0.9}}, {"type": "Feature", "geometry": {"type": "Point", "coordinates": [85.9323968, 20.0775667]}, "properties": {"id": 2114763844, "type": "power", "name": "Unnamed Asset", "criticality_weight": 0.9}}, {"type": "Feature", "geometry": {"type": "Point", "coordinates": [85.9299899, 20.079176]}, "properties": {"id": 2114763845, "type": "power", "name": "Unnamed Asset", "criticality_weight": 0.9}}, {"type": "Feature", "geometry": {"type": "Point", "coordinates": [85.9277626, 20.0806565]}, "properties": {"id": 2114763846, "type": "power", "name": "Unnamed Asset", "criticality_weight": 0.9}}, {"type": "Feature", "geometry": {"type": "Point", "coordinates": [85.9199989, 20.0843341]}, "properties": {"id": 2114763847, "type": "power", "name": "Unnamed Asset", "criticality_weight": 0.9}}, {"type": "Feature", "geometry": {"type": "Point", "coordinates": [85.9171399, 20.0853628]}, "properties": {"id": 2114763848, "type": "power", "name": "Unnamed Asset", "criticality_weight": 0.9}}, {"type": "Feature", "geometry": {"type": "Point", "coordinates": [85.9144529, 20.0863624]}, "properties": {"id": 2114763849, "type": "power", "name": "Unnamed Asset", "criticality_weight": 0.9}}, {"type": "Feature", "geometry": {"type": "Point", "coordinates": [85.9111811, 20.0875836]}, "properties": {"id": 2114763850, "type": "power", "name": "Unnamed Asset", "criticality_weight": 0.9}}, {"type": "Feature", "geometry": {"type": "Point", "coordinates": [85.9083556, 20.0886222]}, "properties": {"id": 2114763851, "type": "power", "name": "Unnamed Asset", "criticality_weight": 0.9}}, {"type": "Feature", "geometry": {"type": "Point", "coordinates": [85.9049657, 20.0888981]}, "properties": {"id": 2114763852, "type": "power", "name": "Unnamed Asset", "criticality_weight": 0.9}}, {"type": "Feature", "geometry": {"type": "Point", "coordinates": [85.8957716, 20.0910705]}, "properties": {"id": 2114763853, "type": "power", "name": "Unnamed Asset", "criticality_weight": 0.9}}, {"type": "Feature", "geometry": {"type": "Point", "coordinates": [85.8935868, 20.0926035]}, "properties": {"id": 2114763854, "type": "power", "name": "Unnamed Asset", "criticality_weight": 0.9}}, {"type": "Feature", "geometry": {"type": "Point", "coordinates": [85.8912513, 20.0942181]}, "properties": {"id": 2114763855, "type": "power", "name": "Unnamed Asset", "criticality_weight": 0.9}}, {"type": "Feature", "geometry": {"type": "Point", "coordinates": [85.8891534, 20.0956785]}, "properties": {"id": 2114763856, "type": "power", "name": "Unnamed Asset", "criticality_weight": 0.9}}, {"type": "Feature", "geometry": {"type": "Point", "coordinates": [85.888089, 20.0982708]}, "properties": {"id": 2114763857, "type": "power", "name": "Unnamed Asset", "criticality_weight": 0.9}}, {"type": "Feature", "geometry": {"type": "Point", "coordinates": [85.886959, 20.1010047]}, "properties": {"id": 2114763858, "type": "power", "name": "Unnamed Asset", "criticality_weight": 0.9}}, {"type": "Feature", "geometry": {"type": "Point", "coordinates": [85.8858421, 20.1037272]}, "properties": {"id": 2114763859, "type": "power", "name": "Unnamed Asset", "criticality_weight": 0.9}}, {"type": "Feature", "geometry": {"type": "Point", "coordinates": [85.8849608, 20.1058411]}, "properties": {"id": 2114763860, "type": "power", "name": "Unnamed Asset", "criticality_weight": 0.9}}, {"type": "Feature", "geometry": {"type": "Point", "coordinates": [85.8840013, 20.1081425]}, "properties": {"id": 2114763861, "type": "power", "name": "Unnamed Asset", "criticality_weight": 0.9}}, {"type": "Feature", "geometry": {"type": "Point", "coordinates": [85.8825235, 20.1104281]}, "properties": {"id": 2114763862, "type": "power", "name": "Unnamed Asset", "criticality_weight": 0.9}}, {"type": "Feature", "geometry": {"type": "Point", "coordinates": [85.870416, 20.1237315]}, "properties": {"id": 2114763868, "type": "power", "name": "Unnamed Asset", "criticality_weight": 0.9}}, {"type": "Feature", "geometry": {"type": "Point", "coordinates": [85.8675107, 20.1255053]}, "properties": {"id": 2114763869, "type": "power", "name": "Unnamed Asset", "criticality_weight": 0.9}}, {"type": "Feature", "geometry": {"type": "Point", "coordinates": [85.865577, 20.126668]}, "properties": {"id": 2114763870, "type": "power", "name": "Unnamed Asset", "criticality_weight": 0.9}}, {"type": "Feature", "geometry": {"type": "Point", "coordinates": [85.8632203, 20.1280755]}, "properties": {"id": 2114763871, "type": "power", "name": "Unnamed Asset", "criticality_weight": 0.9}}, {"type": "Feature", "geometry": {"type": "Point", "coordinates": [85.8607573, 20.1295464]}, "properties": {"id": 2114763872, "type": "power", "name": "Unnamed Asset", "criticality_weight": 0.9}}, {"type": "Feature", "geometry": {"type": "Point", "coordinates": [85.858051, 20.131157]}, "properties": {"id": 2114763873, "type": "power", "name": "Unnamed Asset", "criticality_weight": 0.9}}, {"type": "Feature", "geometry": {"type": "Point", "coordinates": [85.8551804, 20.1328601]}, "properties": {"id": 2114763874, "type": "power", "name": "Unnamed Asset", "criticality_weight": 0.9}}, {"type": "Feature", "geometry": {"type": "Point", "coordinates": [85.8523581, 20.1345287]}, "properties": {"id": 2114763875, "type": "power", "name": "Unnamed Asset", "criticality_weight": 0.9}}, {"type": "Feature", "geometry": {"type": "Point", "coordinates": [85.8510523, 20.1365455]}, "properties": {"id": 2114763876, "type": "power", "name": "Unnamed Asset", "criticality_weight": 0.9}}, {"type": "Feature", "geometry": {"type": "Point", "coordinates": [85.8496923, 20.1386239]}, "properties": {"id": 2114763877, "type": "power", "name": "Unnamed Asset", "criticality_weight": 0.9}}, {"type": "Feature", "geometry": {"type": "Point", "coordinates": [85.8480079, 20.1412011]}, "properties": {"id": 2114763878, "type": "power", "name": "Unnamed Asset", "criticality_weight": 0.9}}, {"type": "Feature", "geometry": {"type": "Point", "coordinates": [85.8464615, 20.1435462]}, "properties": {"id": 2114763879, "type": "power", "name": "Unnamed Asset", "criticality_weight": 0.9}}, {"type": "Feature", "geometry": {"type": "Point", "coordinates": [85.8450869, 20.1456354]}, "properties": {"id": 2114763880, "type": "power", "name": "Unnamed Asset", "criticality_weight": 0.9}}, {"type": "Feature", "geometry": {"type": "Point", "coordinates": [85.8436689, 20.1477939]}, "properties": {"id": 2114763881, "type": "power", "name": "Unnamed Asset", "criticality_weight": 0.9}}, {"type": "Feature", "geometry": {"type": "Point", "coordinates": [85.8422111, 20.1500126]}, "properties": {"id": 2114763882, "type": "power", "name": "Unnamed Asset", "criticality_weight": 0.9}}, {"type": "Feature", "geometry": {"type": "Point", "coordinates": [85.8406948, 20.1522935]}, "properties": {"id": 2114763883, "type": "power", "name": "Unnamed Asset", "criticality_weight": 0.9}}, {"type": "Feature", "geometry": {"type": "Point", "coordinates": [85.8390631, 20.154743]}, "properties": {"id": 2114763884, "type": "power", "name": "Unnamed Asset", "criticality_weight": 0.9}}, {"type": "Feature", "geometry": {"type": "Point", "coordinates": [85.838666, 20.1576893]}, "properties": {"id": 2114763885, "type": "power", "name": "Unnamed Asset", "criticality_weight": 0.9}}, {"type": "Feature", "geometry": {"type": "Point", "coordinates": [85.8382727, 20.1604458]}, "properties": {"id": 2114763886, "type": "power", "name": "Unnamed Asset", "criticality_weight": 0.9}}, {"type": "Feature", "geometry": {"type": "Point", "coordinates": [85.8379003, 20.1632962]}, "properties": {"id": 2114763887, "type": "power", "name": "Unnamed Asset", "criticality_weight": 0.9}}, {"type": "Feature", "geometry": {"type": "Point", "coordinates": [85.8375316, 20.1660224]}, "properties": {"id": 2114763888, "type": "power", "name": "Unnamed Asset", "criticality_weight": 0.9}}, {"type": "Feature", "geometry": {"type": "Point", "coordinates": [85.8371553, 20.1688479]}, "properties": {"id": 2114763889, "type": "power", "name": "Unnamed Asset", "criticality_weight": 0.9}}, {"type": "Feature", "geometry": {"type": "Point", "coordinates": [85.8368131, 20.1715224]}, "properties": {"id": 2114763890, "type": "power", "name": "Unnamed Asset", "criticality_weight": 0.9}}, {"type": "Feature", "geometry": {"type": "Point", "coordinates": [85.8365087, 20.1740248]}, "properties": {"id": 2114763891, "type": "power", "name": "Unnamed Asset", "criticality_weight": 0.9}}, {"type": "Feature", "geometry": {"type": "Point", "coordinates": [85.8362137, 20.1765485]}, "properties": {"id": 2114763892, "type": "power", "name": "Unnamed Asset", "criticality_weight": 0.9}}, {"type": "Feature", "geometry": {"type": "Point", "coordinates": [85.8359037, 20.1794874]}, "properties": {"id": 2114763893, "type": "power", "name": "Unnamed Asset", "criticality_weight": 0.9}}, {"type": "Feature", "geometry": {"type": "Point", "coordinates": [85.8341547, 20.1806782]}, "properties": {"id": 2114763894, "type": "power", "name": "Unnamed Asset", "criticality_weight": 0.9}}, {"type": "Feature", "geometry": {"type": "Point", "coordinates": [86.0056319, 20.0253501]}, "properties": {"id": 2392126240, "type": "power", "name": "Unnamed Asset", "criticality_weight": 0.9}}, {"type": "Feature", "geometry": {"type": "Point", "coordinates": [86.0041817, 20.0255841]}, "properties": {"id": 2392126242, "type": "power", "name": "Unnamed Asset", "criticality_weight": 0.9}}, {"type": "Feature", "geometry": {"type": "Point", "coordinates": [86.0056032, 20.0258399]}, "properties": {"id": 2392126248, "type": "power", "name": "Unnamed Asset", "criticality_weight": 0.9}}, {"type": "Feature", "geometry": {"type": "Point", "coordinates": [86.0016313, 20.026292]}, "properties": {"id": 2392126255, "type": "power", "name": "Unnamed Asset", "criticality_weight": 0.9}}, {"type": "Feature", "geometry": {"type": "Point", "coordinates": [85.9991659, 20.0269274]}, "properties": {"id": 2392126259, "type": "power", "name": "Unnamed Asset", "criticality_weight": 0.9}}, {"type": "Feature", "geometry": {"type": "Point", "coordinates": [85.9966696, 20.0275809]}, "properties": {"id": 2392126262, "type": "power", "name": "Unnamed Asset", "criticality_weight": 0.9}}, {"type": "Feature", "geometry": {"type": "Point", "coordinates": [85.9944322, 20.0292509]}, "properties": {"id": 2392126267, "type": "power", "name": "Unnamed Asset", "criticality_weight": 0.9}}, {"type": "Feature", "geometry": {"type": "Point", "coordinates": [85.992558, 20.030656]}, "properties": {"id": 2392126269, "type": "power", "name": "Unnamed Asset", "criticality_weight": 0.9}}, {"type": "Feature", "geometry": {"type": "Point", "coordinates": [85.9906916, 20.0320319]}, "properties": {"id": 2392126270, "type": "power", "name": "Unnamed Asset", "criticality_weight": 0.9}}, {"type": "Feature", "geometry": {"type": "Point", "coordinates": [85.9889333, 20.0333171]}, "properties": {"id": 2392126271, "type": "power", "name": "Unnamed Asset", "criticality_weight": 0.9}}, {"type": "Feature", "geometry": {"type": "Point", "coordinates": [85.987577, 20.0354445]}, "properties": {"id": 2392126272, "type": "power", "name": "Unnamed Asset", "criticality_weight": 0.9}}, {"type": "Feature", "geometry": {"type": "Point", "coordinates": [85.985954, 20.0380185]}, "properties": {"id": 2392126273, "type": "power", "name": "Unnamed Asset", "criticality_weight": 0.9}}, {"type": "Feature", "geometry": {"type": "Point", "coordinates": [85.9842808, 20.0406795]}, "properties": {"id": 2392126274, "type": "power", "name": "Unnamed Asset", "criticality_weight": 0.9}}, {"type": "Feature", "geometry": {"type": "Point", "coordinates": [85.9828278, 20.042952]}, "properties": {"id": 2392126275, "type": "power", "name": "Unnamed Asset", "criticality_weight": 0.9}}, {"type": "Feature", "geometry": {"type": "Point", "coordinates": [85.9803199, 20.044582]}, "properties": {"id": 2392126276, "type": "power", "name": "Unnamed Asset", "criticality_weight": 0.9}}, {"type": "Feature", "geometry": {"type": "Point", "coordinates": [85.9778197, 20.0461321]}, "properties": {"id": 2392126277, "type": "power", "name": "Unnamed Asset", "criticality_weight": 0.9}}, {"type": "Feature", "geometry": {"type": "Point", "coordinates": [85.9751302, 20.0478782]}, "properties": {"id": 2392126278, "type": "power", "name": "Unnamed Asset", "criticality_weight": 0.9}}, {"type": "Feature", "geometry": {"type": "Point", "coordinates": [85.9721277, 20.0498384]}, "properties": {"id": 2392126279, "type": "power", "name": "Unnamed Asset", "criticality_weight": 0.9}}, {"type": "Feature", "geometry": {"type": "Point", "coordinates": [85.9697357, 20.0513812]}, "properties": {"id": 2392126280, "type": "power", "name": "Unnamed Asset", "criticality_weight": 0.9}}, {"type": "Feature", "geometry": {"type": "Point", "coordinates": [85.9674442, 20.0530038]}, "properties": {"id": 2392126281, "type": "power", "name": "Unnamed Asset", "criticality_weight": 0.9}}, {"type": "Feature", "geometry": {"type": "Point", "coordinates": [85.965172, 20.0546445]}, "properties": {"id": 2392126282, "type": "power", "name": "Unnamed Asset", "criticality_weight": 0.9}}, {"type": "Feature", "geometry": {"type": "Point", "coordinates": [85.962838, 20.0562708]}, "properties": {"id": 2392126283, "type": "power", "name": "Unnamed Asset", "criticality_weight": 0.9}}, {"type": "Feature", "geometry": {"type": "Point", "coordinates": [85.9602992, 20.0580893]}, "properties": {"id": 2392126284, "type": "power", "name": "Unnamed Asset", "criticality_weight": 0.9}}, {"type": "Feature", "geometry": {"type": "Point", "coordinates": [85.958255, 20.0595122]}, "properties": {"id": 2392126285, "type": "power", "name": "Unnamed Asset", "criticality_weight": 0.9}}, {"type": "Feature", "geometry": {"type": "Point", "coordinates": [85.9561026, 20.0611311]}, "properties": {"id": 2392126286, "type": "power", "name": "Unnamed Asset", "criticality_weight": 0.9}}, {"type": "Feature", "geometry": {"type": "Point", "coordinates": [85.9540352, 20.0626448]}, "properties": {"id": 2392126287, "type": "power", "name": "Unnamed Asset", "criticality_weight": 0.9}}, {"type": "Feature", "geometry": {"type": "Point", "coordinates": [85.9517128, 20.0643072]}, "properties": {"id": 2392126288, "type": "power", "name": "Unnamed Asset", "criticality_weight": 0.9}}, {"type": "Feature", "geometry": {"type": "Point", "coordinates": [85.8547967, 19.8246648]}, "properties": {"id": 2392178700, "type": "power", "name": "Unnamed Asset", "criticality_weight": 0.9}}, {"type": "Feature", "geometry": {"type": "Point", "coordinates": [85.8540076, 19.8260432]}, "properties": {"id": 2392178701, "type": "power", "name": "Unnamed Asset", "criticality_weight": 0.9}}, {"type": "Feature", "geometry": {"type": "Point", "coordinates": [85.8552468, 19.8282771]}, "properties": {"id": 2392178702, "type": "power", "name": "Unnamed Asset", "criticality_weight": 0.9}}, {"type": "Feature", "geometry": {"type": "Point", "coordinates": [85.8567689, 19.8305766]}, "properties": {"id": 2392178703, "type": "power", "name": "Unnamed Asset", "criticality_weight": 0.9}}, {"type": "Feature", "geometry": {"type": "Point", "coordinates": [85.8583938, 19.8329615]}, "properties": {"id": 2392178704, "type": "power", "name": "Unnamed Asset", "criticality_weight": 0.9}}, {"type": "Feature", "geometry": {"type": "Point", "coordinates": [85.8585725, 19.8353804]}, "properties": {"id": 2392178705, "type": "power", "name": "Unnamed Asset", "criticality_weight": 0.9}}, {"type": "Feature", "geometry": {"type": "Point", "coordinates": [85.8563244, 19.837049]}, "properties": {"id": 2392178706, "type": "power", "name": "Unnamed Asset", "criticality_weight": 0.9}}, {"type": "Feature", "geometry": {"type": "Point", "coordinates": [85.8543038, 19.8385495]}, "properties": {"id": 2392178707, "type": "power", "name": "Unnamed Asset", "criticality_weight": 0.9}}, {"type": "Feature", "geometry": {"type": "Point", "coordinates": [85.8522046, 19.840096]}, "properties": {"id": 2392178708, "type": "power", "name": "Unnamed Asset", "criticality_weight": 0.9}}, {"type": "Feature", "geometry": {"type": "Point", "coordinates": [85.8500585, 19.8416665]}, "properties": {"id": 2392178709, "type": "power", "name": "Unnamed Asset", "criticality_weight": 0.9}}, {"type": "Feature", "geometry": {"type": "Point", "coordinates": [85.847938, 19.843257]}, "properties": {"id": 2392178710, "type": "power", "name": "Unnamed Asset", "criticality_weight": 0.9}}, {"type": "Feature", "geometry": {"type": "Point", "coordinates": [85.8467703, 19.8441253]}, "properties": {"id": 2392178711, "type": "power", "name": "Unnamed Asset", "criticality_weight": 0.9}}, {"type": "Feature", "geometry": {"type": "Point", "coordinates": [85.8446392, 19.8446774]}, "properties": {"id": 2392178712, "type": "power", "name": "Unnamed Asset", "criticality_weight": 0.9}}, {"type": "Feature", "geometry": {"type": "Point", "coordinates": [85.8424676, 19.8452476]}, "properties": {"id": 2392178713, "type": "power", "name": "Unnamed Asset", "criticality_weight": 0.9}}, {"type": "Feature", "geometry": {"type": "Point", "coordinates": [85.8386257, 19.8462823]}, "properties": {"id": 2392178714, "type": "power", "name": "Unnamed Asset", "criticality_weight": 0.9}}, {"type": "Feature", "geometry": {"type": "Point", "coordinates": [85.8370015, 19.846404]}, "properties": {"id": 2392178715, "type": "power", "name": "Unnamed Asset", "criticality_weight": 0.9}}, {"type": "Feature", "geometry": {"type": "Point", "coordinates": [85.8352358, 19.8486136]}, "properties": {"id": 2392178716, "type": "power", "name": "Unnamed Asset", "criticality_weight": 0.9}}, {"type": "Feature", "geometry": {"type": "Point", "coordinates": [85.8335424, 19.8507129]}, "properties": {"id": 2392178717, "type": "power", "name": "Unnamed Asset", "criticality_weight": 0.9}}, {"type": "Feature", "geometry": {"type": "Point", "coordinates": [85.8320999, 19.8524883]}, "properties": {"id": 2392178718, "type": "power", "name": "Unnamed Asset", "criticality_weight": 0.9}}, {"type": "Feature", "geometry": {"type": "Point", "coordinates": [85.8304322, 19.8545407]}, "properties": {"id": 2392178719, "type": "power", "name": "Unnamed Asset", "criticality_weight": 0.9}}, {"type": "Feature", "geometry": {"type": "Point", "coordinates": [85.8287203, 19.856657]}, "properties": {"id": 2392178720, "type": "power", "name": "Unnamed Asset", "criticality_weight": 0.9}}, {"type": "Feature", "geometry": {"type": "Point", "coordinates": [85.8270178, 19.8587844]}, "properties": {"id": 2392178721, "type": "power", "name": "Unnamed Asset", "criticality_weight": 0.9}}, {"type": "Feature", "geometry": {"type": "Point", "coordinates": [85.825165, 19.8610618]}, "properties": {"id": 2392178724, "type": "power", "name": "Unnamed Asset", "criticality_weight": 0.9}}, {"type": "Feature", "geometry": {"type": "Point", "coordinates": [85.8234264, 19.8632174]}, "properties": {"id": 2392178727, "type": "power", "name": "Unnamed Asset", "criticality_weight": 0.9}}, {"type": "Feature", "geometry": {"type": "Point", "coordinates": [85.8213841, 19.8645838]}, "properties": {"id": 2392178730, "type": "power", "name": "Unnamed Asset", "criticality_weight": 0.9}}, {"type": "Feature", "geometry": {"type": "Point", "coordinates": [85.8189116, 19.8662274]}, "properties": {"id": 2392178732, "type": "power", "name": "Unnamed Asset", "criticality_weight": 0.9}}, {"type": "Feature", "geometry": {"type": "Point", "coordinates": [85.8164782, 19.8677974]}, "properties": {"id": 2392178734, "type": "power", "name": "Unnamed Asset", "criticality_weight": 0.9}}, {"type": "Feature", "geometry": {"type": "Point", "coordinates": [85.8140117, 19.8694183]}, "properties": {"id": 2392178735, "type": "power", "name": "Unnamed Asset", "criticality_weight": 0.9}}, {"type": "Feature", "geometry": {"type": "Point", "coordinates": [85.8116776, 19.8709402]}, "properties": {"id": 2392178736, "type": "power", "name": "Unnamed Asset", "criticality_weight": 0.9}}, {"type": "Feature", "geometry": {"type": "Point", "coordinates": [85.8092171, 19.8725413]}, "properties": {"id": 2392178737, "type": "power", "name": "Unnamed Asset", "criticality_weight": 0.9}}, {"type": "Feature", "geometry": {"type": "Point", "coordinates": [85.8069101, 19.8740434]}, "properties": {"id": 2392178738, "type": "power", "name": "Unnamed Asset", "criticality_weight": 0.9}}, {"type": "Feature", "geometry": {"type": "Point", "coordinates": [85.8046542, 19.8755342]}, "properties": {"id": 2392178739, "type": "power", "name": "Unnamed Asset", "criticality_weight": 0.9}}, {"type": "Feature", "geometry": {"type": "Point", "coordinates": [85.8042533, 19.8774148]}, "properties": {"id": 2392178740, "type": "power", "name": "Unnamed Asset", "criticality_weight": 0.9}}, {"type": "Feature", "geometry": {"type": "Point", "coordinates": [85.8038322, 19.8792959]}, "properties": {"id": 2392178741, "type": "power", "name": "Unnamed Asset", "criticality_weight": 0.9}}, {"type": "Feature", "geometry": {"type": "Point", "coordinates": [85.8043676, 19.881655]}, "properties": {"id": 2392178742, "type": "power", "name": "Unnamed Asset", "criticality_weight": 0.9}}, {"type": "Feature", "geometry": {"type": "Point", "coordinates": [85.8041179, 19.8839518]}, "properties": {"id": 2392178743, "type": "power", "name": "Unnamed Asset", "criticality_weight": 0.9}}, {"type": "Feature", "geometry": {"type": "Point", "coordinates": [85.8039074, 19.8859403]}, "properties": {"id": 2392178744, "type": "power", "name": "Unnamed Asset", "criticality_weight": 0.9}}, {"type": "Feature", "geometry": {"type": "Point", "coordinates": [85.8036547, 19.8883078]}, "properties": {"id": 2392178745, "type": "power", "name": "Unnamed Asset", "criticality_weight": 0.9}}, {"type": "Feature", "geometry": {"type": "Point", "coordinates": [85.805241, 19.8900293]}, "properties": {"id": 2392178746, "type": "power", "name": "Unnamed Asset", "criticality_weight": 0.9}}, {"type": "Feature", "geometry": {"type": "Point", "coordinates": [85.8072713, 19.893562]}, "properties": {"id": 2392178747, "type": "power", "name": "Unnamed Asset", "criticality_weight": 0.9}}, {"type": "Feature", "geometry": {"type": "Point", "coordinates": [85.8068601, 19.8963117]}, "properties": {"id": 2392178748, "type": "power", "name": "Unnamed Asset", "criticality_weight": 0.9}}, {"type": "Feature", "geometry": {"type": "Point", "coordinates": [85.8065187, 19.8985947]}, "properties": {"id": 2392178749, "type": "power", "name": "Unnamed Asset", "criticality_weight": 0.9}}, {"type": "Feature", "geometry": {"type": "Point", "coordinates": [85.8061608, 19.9012751]}, "properties": {"id": 2392178750, "type": "power", "name": "Unnamed Asset", "criticality_weight": 0.9}}, {"type": "Feature", "geometry": {"type": "Point", "coordinates": [85.8057939, 19.9039902]}, "properties": {"id": 2392178751, "type": "power", "name": "Unnamed Asset", "criticality_weight": 0.9}}, {"type": "Feature", "geometry": {"type": "Point", "coordinates": [85.8053878, 19.9068948]}, "properties": {"id": 2392178752, "type": "power", "name": "Unnamed Asset", "criticality_weight": 0.9}}, {"type": "Feature", "geometry": {"type": "Point", "coordinates": [85.8049637, 19.9101613]}, "properties": {"id": 2392178753, "type": "power", "name": "Unnamed Asset", "criticality_weight": 0.9}}, {"type": "Feature", "geometry": {"type": "Point", "coordinates": [85.7972765, 19.9119042]}, "properties": {"id": 2392178754, "type": "power", "name": "Unnamed Asset", "criticality_weight": 0.9}}, {"type": "Feature", "geometry": {"type": "Point", "coordinates": [85.7945044, 19.9126767]}, "properties": {"id": 2392178755, "type": "power", "name": "Unnamed Asset", "criticality_weight": 0.9}}, {"type": "Feature", "geometry": {"type": "Point", "coordinates": [85.804562, 19.9130306]}, "properties": {"id": 2392178756, "type": "power", "name": "Unnamed Asset", "criticality_weight": 0.9}}, {"type": "Feature", "geometry": {"type": "Point", "coordinates": [85.7999109, 19.9132229]}, "properties": {"id": 2392178757, "type": "power", "name": "Unnamed Asset", "criticality_weight": 0.9}}, {"type": "Feature", "geometry": {"type": "Point", "coordinates": [85.7915145, 19.9135251]}, "properties": {"id": 2392178758, "type": "power", "name": "Unnamed Asset", "criticality_weight": 0.9}}, {"type": "Feature", "geometry": {"type": "Point", "coordinates": [85.8021678, 19.9143503]}, "properties": {"id": 2392178759, "type": "power", "name": "Unnamed Asset", "criticality_weight": 0.9}}, {"type": "Feature", "geometry": {"type": "Point", "coordinates": [85.7885096, 19.9143764]}, "properties": {"id": 2392178760, "type": "power", "name": "Unnamed Asset", "criticality_weight": 0.9}}, {"type": "Feature", "geometry": {"type": "Point", "coordinates": [85.7857394, 19.9151569]}, "properties": {"id": 2392178761, "type": "power", "name": "Unnamed Asset", "criticality_weight": 0.9}}, {"type": "Feature", "geometry": {"type": "Point", "coordinates": [85.7840329, 19.9170869]}, "properties": {"id": 2392178762, "type": "power", "name": "Unnamed Asset", "criticality_weight": 0.9}}, {"type": "Feature", "geometry": {"type": "Point", "coordinates": [85.7821981, 19.9191852]}, "properties": {"id": 2392178763, "type": "power", "name": "Unnamed Asset", "criticality_weight": 0.9}}, {"type": "Feature", "geometry": {"type": "Point", "coordinates": [85.7798129, 19.9218859]}, "properties": {"id": 2392178764, "type": "power", "name": "Unnamed Asset", "criticality_weight": 0.9}}, {"type": "Feature", "geometry": {"type": "Point", "coordinates": [85.7779149, 19.9240746]}, "properties": {"id": 2392178765, "type": "power", "name": "Unnamed Asset", "criticality_weight": 0.9}}, {"type": "Feature", "geometry": {"type": "Point", "coordinates": [85.7762455, 19.9259269]}, "properties": {"id": 2392178766, "type": "power", "name": "Unnamed Asset", "criticality_weight": 0.9}}, {"type": "Feature", "geometry": {"type": "Point", "coordinates": [85.77454, 19.9278611]}, "properties": {"id": 2392178767, "type": "power", "name": "Unnamed Asset", "criticality_weight": 0.9}}, {"type": "Feature", "geometry": {"type": "Point", "coordinates": [85.7731684, 19.9294333]}, "properties": {"id": 2392178768, "type": "power", "name": "Unnamed Asset", "criticality_weight": 0.9}}, {"type": "Feature", "geometry": {"type": "Point", "coordinates": [85.7716374, 19.9311752]}, "properties": {"id": 2392178769, "type": "power", "name": "Unnamed Asset", "criticality_weight": 0.9}}, {"type": "Feature", "geometry": {"type": "Point", "coordinates": [85.7690326, 19.9320122]}, "properties": {"id": 2392178770, "type": "power", "name": "Unnamed Asset", "criticality_weight": 0.9}}, {"type": "Feature", "geometry": {"type": "Point", "coordinates": [85.7661811, 19.9329199]}, "properties": {"id": 2392178771, "type": "power", "name": "Unnamed Asset", "criticality_weight": 0.9}}, {"type": "Feature", "geometry": {"type": "Point", "coordinates": [85.7633146, 19.9338417]}, "properties": {"id": 2392178772, "type": "power", "name": "Unnamed Asset", "criticality_weight": 0.9}}, {"type": "Feature", "geometry": {"type": "Point", "coordinates": [85.7604631, 19.9347494]}, "properties": {"id": 2392178773, "type": "power", "name": "Unnamed Asset", "criticality_weight": 0.9}}, {"type": "Feature", "geometry": {"type": "Point", "coordinates": [85.7576026, 19.9356599]}, "properties": {"id": 2392178774, "type": "power", "name": "Unnamed Asset", "criticality_weight": 0.9}}, {"type": "Feature", "geometry": {"type": "Point", "coordinates": [85.755091, 19.9364884]}, "properties": {"id": 2392178775, "type": "power", "name": "Unnamed Asset", "criticality_weight": 0.9}}, {"type": "Feature", "geometry": {"type": "Point", "coordinates": [85.7522245, 19.9374018]}, "properties": {"id": 2392178776, "type": "power", "name": "Unnamed Asset", "criticality_weight": 0.9}}, {"type": "Feature", "geometry": {"type": "Point", "coordinates": [85.7490963, 19.9383942]}, "properties": {"id": 2392178777, "type": "power", "name": "Unnamed Asset", "criticality_weight": 0.9}}, {"type": "Feature", "geometry": {"type": "Point", "coordinates": [85.746335, 19.9392962]}, "properties": {"id": 2392178778, "type": "power", "name": "Unnamed Asset", "criticality_weight": 0.9}}, {"type": "Feature", "geometry": {"type": "Point", "coordinates": [85.7430715, 19.9403311]}, "properties": {"id": 2392178779, "type": "power", "name": "Unnamed Asset", "criticality_weight": 0.9}}, {"type": "Feature", "geometry": {"type": "Point", "coordinates": [85.7400756, 19.9413066]}, "properties": {"id": 2392178780, "type": "power", "name": "Unnamed Asset", "criticality_weight": 0.9}}, {"type": "Feature", "geometry": {"type": "Point", "coordinates": [85.7392575, 19.9440833]}, "properties": {"id": 2392178781, "type": "power", "name": "Unnamed Asset", "criticality_weight": 0.9}}, {"type": "Feature", "geometry": {"type": "Point", "coordinates": [85.7384062, 19.9469362]}, "properties": {"id": 2392178782, "type": "power", "name": "Unnamed Asset", "criticality_weight": 0.9}}, {"type": "Feature", "geometry": {"type": "Point", "coordinates": [85.7375069, 19.949987]}, "properties": {"id": 2392178783, "type": "power", "name": "Unnamed Asset", "criticality_weight": 0.9}}, {"type": "Feature", "geometry": {"type": "Point", "coordinates": [85.7365835, 19.9530405]}, "properties": {"id": 2392178784, "type": "power", "name": "Unnamed Asset", "criticality_weight": 0.9}}, {"type": "Feature", "geometry": {"type": "Point", "coordinates": [85.7351968, 19.9551638]}, "properties": {"id": 2392178785, "type": "power", "name": "Unnamed Asset", "criticality_weight": 0.9}}, {"type": "Feature", "geometry": {"type": "Point", "coordinates": [85.7335695, 19.957649]}, "properties": {"id": 2392178786, "type": "power", "name": "Unnamed Asset", "criticality_weight": 0.9}}, {"type": "Feature", "geometry": {"type": "Point", "coordinates": [85.7323243, 19.9595376]}, "properties": {"id": 2392178787, "type": "power", "name": "Unnamed Asset", "criticality_weight": 0.9}}, {"type": "Feature", "geometry": {"type": "Point", "coordinates": [85.7316625, 19.960742]}, "properties": {"id": 2392178788, "type": "power", "name": "Unnamed Asset", "criticality_weight": 0.9}}, {"type": "Feature", "geometry": {"type": "Point", "coordinates": [85.7322371, 19.9638236]}, "properties": {"id": 2392178789, "type": "power", "name": "Unnamed Asset", "criticality_weight": 0.9}}, {"type": "Feature", "geometry": {"type": "Point", "coordinates": [85.7332327, 19.9665716]}, "properties": {"id": 2392178790, "type": "power", "name": "Unnamed Asset", "criticality_weight": 0.9}}, {"type": "Feature", "geometry": {"type": "Point", "coordinates": [85.7342764, 19.9688813]}, "properties": {"id": 2392178791, "type": "power", "name": "Unnamed Asset", "criticality_weight": 0.9}}, {"type": "Feature", "geometry": {"type": "Point", "coordinates": [85.7354585, 19.97142]}, "properties": {"id": 2392178792, "type": "power", "name": "Unnamed Asset", "criticality_weight": 0.9}}, {"type": "Feature", "geometry": {"type": "Point", "coordinates": [85.7365504, 19.9738342]}, "properties": {"id": 2392178793, "type": "power", "name": "Unnamed Asset", "criticality_weight": 0.9}}, {"type": "Feature", "geometry": {"type": "Point", "coordinates": [85.7377024, 19.9763163]}, "properties": {"id": 2392178794, "type": "power", "name": "Unnamed Asset", "criticality_weight": 0.9}}, {"type": "Feature", "geometry": {"type": "Point", "coordinates": [85.7388364, 19.9788096]}, "properties": {"id": 2392178795, "type": "power", "name": "Unnamed Asset", "criticality_weight": 0.9}}, {"type": "Feature", "geometry": {"type": "Point", "coordinates": [85.7400004, 19.9812802]}, "properties": {"id": 2392178796, "type": "power", "name": "Unnamed Asset", "criticality_weight": 0.9}}, {"type": "Feature", "geometry": {"type": "Point", "coordinates": [85.7411434, 19.9837622]}, "properties": {"id": 2392178797, "type": "power", "name": "Unnamed Asset", "criticality_weight": 0.9}}, {"type": "Feature", "geometry": {"type": "Point", "coordinates": [85.7423767, 19.9864815]}, "properties": {"id": 2392178798, "type": "power", "name": "Unnamed Asset", "criticality_weight": 0.9}}, {"type": "Feature", "geometry": {"type": "Point", "coordinates": [85.7433001, 19.9885196]}, "properties": {"id": 2392178799, "type": "power", "name": "Unnamed Asset", "criticality_weight": 0.9}}, {"type": "Feature", "geometry": {"type": "Point", "coordinates": [85.7427496, 19.9911908]}, "properties": {"id": 2392178800, "type": "power", "name": "Unnamed Asset", "criticality_weight": 0.9}}, {"type": "Feature", "geometry": {"type": "Point", "coordinates": [85.7421872, 19.9939496]}, "properties": {"id": 2392178801, "type": "power", "name": "Unnamed Asset", "criticality_weight": 0.9}}, {"type": "Feature", "geometry": {"type": "Point", "coordinates": [85.7416217, 19.9966433]}, "properties": {"id": 2392178802, "type": "power", "name": "Unnamed Asset", "criticality_weight": 0.9}}, {"type": "Feature", "geometry": {"type": "Point", "coordinates": [85.7410622, 19.9993313]}, "properties": {"id": 2392178803, "type": "power", "name": "Unnamed Asset", "criticality_weight": 0.9}}, {"type": "Feature", "geometry": {"type": "Point", "coordinates": [85.7405148, 20.0020589]}, "properties": {"id": 2392178804, "type": "power", "name": "Unnamed Asset", "criticality_weight": 0.9}}, {"type": "Feature", "geometry": {"type": "Point", "coordinates": [85.7399703, 20.004761]}, "properties": {"id": 2392178805, "type": "power", "name": "Unnamed Asset", "criticality_weight": 0.9}}, {"type": "Feature", "geometry": {"type": "Point", "coordinates": [85.7394379, 20.0074771]}, "properties": {"id": 2392178806, "type": "power", "name": "Unnamed Asset", "criticality_weight": 0.9}}, {"type": "Feature", "geometry": {"type": "Point", "coordinates": [85.7388574, 20.0101848]}, "properties": {"id": 2392178807, "type": "power", "name": "Unnamed Asset", "criticality_weight": 0.9}}, {"type": "Feature", "geometry": {"type": "Point", "coordinates": [85.7382709, 20.012963]}, "properties": {"id": 2392178808, "type": "power", "name": "Unnamed Asset", "criticality_weight": 0.9}}, {"type": "Feature", "geometry": {"type": "Point", "coordinates": [85.7378453, 20.0154628]}, "properties": {"id": 2392178809, "type": "power", "name": "Unnamed Asset", "criticality_weight": 0.9}}, {"type": "Feature", "geometry": {"type": "Point", "coordinates": [85.7372963, 20.0181661]}, "properties": {"id": 2392178810, "type": "power", "name": "Unnamed Asset", "criticality_weight": 0.9}}, {"type": "Feature", "geometry": {"type": "Point", "coordinates": [85.7367298, 20.0209316]}, "properties": {"id": 2392178811, "type": "power", "name": "Unnamed Asset", "criticality_weight": 0.9}}, {"type": "Feature", "geometry": {"type": "Point", "coordinates": [85.7362305, 20.0233818]}, "properties": {"id": 2392178812, "type": "power", "name": "Unnamed Asset", "criticality_weight": 0.9}}, {"type": "Feature", "geometry": {"type": "Point", "coordinates": [85.7363779, 20.0256229]}, "properties": {"id": 2392178813, "type": "power", "name": "Unnamed Asset", "criticality_weight": 0.9}}, {"type": "Feature", "geometry": {"type": "Point", "coordinates": [85.7365403, 20.0281437]}, "properties": {"id": 2392178814, "type": "power", "name": "Unnamed Asset", "criticality_weight": 0.9}}, {"type": "Feature", "geometry": {"type": "Point", "coordinates": [85.7367028, 20.0305571]}, "properties": {"id": 2392178815, "type": "power", "name": "Unnamed Asset", "criticality_weight": 0.9}}, {"type": "Feature", "geometry": {"type": "Point", "coordinates": [85.7369103, 20.0333067]}, "properties": {"id": 2392178816, "type": "power", "name": "Unnamed Asset", "criticality_weight": 0.9}}, {"type": "Feature", "geometry": {"type": "Point", "coordinates": [85.7370848, 20.0360252]}, "properties": {"id": 2392178817, "type": "power", "name": "Unnamed Asset", "criticality_weight": 0.9}}, {"type": "Feature", "geometry": {"type": "Point", "coordinates": [85.7372773, 20.0387464]}, "properties": {"id": 2392178818, "type": "power", "name": "Unnamed Asset", "criticality_weight": 0.9}}, {"type": "Feature", "geometry": {"type": "Point", "coordinates": [85.7374668, 20.0412981]}, "properties": {"id": 2392178819, "type": "power", "name": "Unnamed Asset", "criticality_weight": 0.9}}, {"type": "Feature", "geometry": {"type": "Point", "coordinates": [85.7376412, 20.0440786]}, "properties": {"id": 2392178820, "type": "power", "name": "Unnamed Asset", "criticality_weight": 0.9}}, {"type": "Feature", "geometry": {"type": "Point", "coordinates": [85.7376202, 20.0466726]}, "properties": {"id": 2392178821, "type": "power", "name": "Unnamed Asset", "criticality_weight": 0.9}}, {"type": "Feature", "geometry": {"type": "Point", "coordinates": [85.7376021, 20.0500012]}, "properties": {"id": 2392178822, "type": "power", "name": "Unnamed Asset", "criticality_weight": 0.9}}, {"type": "Feature", "geometry": {"type": "Point", "coordinates": [85.7375871, 20.0531856]}, "properties": {"id": 2392178823, "type": "power", "name": "Unnamed Asset", "criticality_weight": 0.9}}, {"type": "Feature", "geometry": {"type": "Point", "coordinates": [85.7375721, 20.0558246]}, "properties": {"id": 2392178824, "type": "power", "name": "Unnamed Asset", "criticality_weight": 0.9}}, {"type": "Feature", "geometry": {"type": "Point", "coordinates": [85.737556, 20.0586384]}, "properties": {"id": 2392178825, "type": "power", "name": "Unnamed Asset", "criticality_weight": 0.9}}, {"type": "Feature", "geometry": {"type": "Point", "coordinates": [85.7355917, 20.0610217]}, "properties": {"id": 2392178826, "type": "power", "name": "Unnamed Asset", "criticality_weight": 0.9}}, {"type": "Feature", "geometry": {"type": "Point", "coordinates": [85.7335382, 20.0635132]}, "properties": {"id": 2392178827, "type": "power", "name": "Unnamed Asset", "criticality_weight": 0.9}}, {"type": "Feature", "geometry": {"type": "Point", "coordinates": [85.7318111, 20.0656339]}, "properties": {"id": 2392178828, "type": "power", "name": "Unnamed Asset", "criticality_weight": 0.9}}, {"type": "Feature", "geometry": {"type": "Point", "coordinates": [85.7300033, 20.0678009]}, "properties": {"id": 2392178829, "type": "power", "name": "Unnamed Asset", "criticality_weight": 0.9}}, {"type": "Feature", "geometry": {"type": "Point", "coordinates": [85.7282196, 20.0699565]}, "properties": {"id": 2392178830, "type": "power", "name": "Unnamed Asset", "criticality_weight": 0.9}}, {"type": "Feature", "geometry": {"type": "Point", "coordinates": [85.7064726, 20.0719568]}, "properties": {"id": 2392178831, "type": "power", "name": "Unnamed Asset", "criticality_weight": 0.9}}, {"type": "Feature", "geometry": {"type": "Point", "coordinates": [85.7091977, 20.0719794]}, "properties": {"id": 2392178832, "type": "power", "name": "Unnamed Asset", "criticality_weight": 0.9}}, {"type": "Feature", "geometry": {"type": "Point", "coordinates": [85.7121425, 20.0720302]}, "properties": {"id": 2392178833, "type": "power", "name": "Unnamed Asset", "criticality_weight": 0.9}}, {"type": "Feature", "geometry": {"type": "Point", "coordinates": [85.7151443, 20.07205]}, "properties": {"id": 2392178834, "type": "power", "name": "Unnamed Asset", "criticality_weight": 0.9}}, {"type": "Feature", "geometry": {"type": "Point", "coordinates": [85.7179567, 20.072067]}, "properties": {"id": 2392178835, "type": "power", "name": "Unnamed Asset", "criticality_weight": 0.9}}, {"type": "Feature", "geometry": {"type": "Point", "coordinates": [85.7208443, 20.0721094]}, "properties": {"id": 2392178836, "type": "power", "name": "Unnamed Asset", "criticality_weight": 0.9}}, {"type": "Feature", "geometry": {"type": "Point", "coordinates": [85.7236837, 20.0721235]}, "properties": {"id": 2392178837, "type": "power", "name": "Unnamed Asset", "criticality_weight": 0.9}}, {"type": "Feature", "geometry": {"type": "Point", "coordinates": [85.7264059, 20.0721517]}, "properties": {"id": 2392178838, "type": "power", "name": "Unnamed Asset", "criticality_weight": 0.9}}, {"type": "Feature", "geometry": {"type": "Point", "coordinates": [85.7043854, 20.0734789]}, "properties": {"id": 2392178839, "type": "power", "name": "Unnamed Asset", "criticality_weight": 0.9}}, {"type": "Feature", "geometry": {"type": "Point", "coordinates": [85.7018969, 20.0752769]}, "properties": {"id": 2392178840, "type": "power", "name": "Unnamed Asset", "criticality_weight": 0.9}}, {"type": "Feature", "geometry": {"type": "Point", "coordinates": [85.699266, 20.0772106]}, "properties": {"id": 2392178841, "type": "power", "name": "Unnamed Asset", "criticality_weight": 0.9}}, {"type": "Feature", "geometry": {"type": "Point", "coordinates": [85.6972667, 20.0786689]}, "properties": {"id": 2392178842, "type": "power", "name": "Unnamed Asset", "criticality_weight": 0.9}}, {"type": "Feature", "geometry": {"type": "Point", "coordinates": [85.6953589, 20.0800452]}, "properties": {"id": 2392178843, "type": "power", "name": "Unnamed Asset", "criticality_weight": 0.9}}, {"type": "Feature", "geometry": {"type": "Point", "coordinates": [85.6924429, 20.080604]}, "properties": {"id": 2392178844, "type": "power", "name": "Unnamed Asset", "criticality_weight": 0.9}}, {"type": "Feature", "geometry": {"type": "Point", "coordinates": [85.6896992, 20.0811054]}, "properties": {"id": 2392178845, "type": "power", "name": "Unnamed Asset", "criticality_weight": 0.9}}, {"type": "Feature", "geometry": {"type": "Point", "coordinates": [85.6868938, 20.0816068]}, "properties": {"id": 2392178846, "type": "power", "name": "Unnamed Asset", "criticality_weight": 0.9}}, {"type": "Feature", "geometry": {"type": "Point", "coordinates": [85.6840565, 20.0821521]}, "properties": {"id": 2392178847, "type": "power", "name": "Unnamed Asset", "criticality_weight": 0.9}}, {"type": "Feature", "geometry": {"type": "Point", "coordinates": [85.6813086, 20.0826535]}, "properties": {"id": 2392178848, "type": "power", "name": "Unnamed Asset", "criticality_weight": 0.9}}, {"type": "Feature", "geometry": {"type": "Point", "coordinates": [85.6785839, 20.0831726]}, "properties": {"id": 2392178849, "type": "power", "name": "Unnamed Asset", "criticality_weight": 0.9}}, {"type": "Feature", "geometry": {"type": "Point", "coordinates": [85.6760805, 20.0849664]}, "properties": {"id": 2392178850, "type": "power", "name": "Unnamed Asset", "criticality_weight": 0.9}}, {"type": "Feature", "geometry": {"type": "Point", "coordinates": [85.6733071, 20.0869839]}, "properties": {"id": 2392178851, "type": "power", "name": "Unnamed Asset", "criticality_weight": 0.9}}, {"type": "Feature", "geometry": {"type": "Point", "coordinates": [85.6352661, 20.1017267]}, "properties": {"id": 2392178863, "type": "power", "name": "Unnamed Asset", "criticality_weight": 0.9}}, {"type": "Feature", "geometry": {"type": "Point", "coordinates": [86.0976297, 19.8905744]}, "properties": {"id": 2815695777, "type": "healthcare", "name": "Unnamed Asset", "criticality_weight": 1.0}}, {"type": "Feature", "geometry": {"type": "Point", "coordinates": [85.9252706, 20.0823902]}, "properties": {"id": 3300611597, "type": "power", "name": "Unnamed Asset", "criticality_weight": 0.9}}, {"type": "Feature", "geometry": {"type": "Point", "coordinates": [85.922916, 20.0832643]}, "properties": {"id": 3300611598, "type": "power", "name": "Unnamed Asset", "criticality_weight": 0.9}}, {"type": "Feature", "geometry": {"type": "Point", "coordinates": [85.9012555, 20.0892116]}, "properties": {"id": 3300611599, "type": "power", "name": "Unnamed Asset", "criticality_weight": 0.9}}, {"type": "Feature", "geometry": {"type": "Point", "coordinates": [85.8980471, 20.0894814]}, "properties": {"id": 3300611600, "type": "power", "name": "Unnamed Asset", "criticality_weight": 0.9}}, {"type": "Feature", "geometry": {"type": "Point", "coordinates": [85.9938204, 20.0156208]}, "properties": {"id": 6226821676, "type": "power", "name": "Unnamed Asset", "criticality_weight": 0.9}}, {"type": "Feature", "geometry": {"type": "Point", "coordinates": [85.9958026, 20.0167196]}, "properties": {"id": 6226821677, "type": "power", "name": "Unnamed Asset", "criticality_weight": 0.9}}, {"type": "Feature", "geometry": {"type": "Point", "coordinates": [85.9978276, 20.0178612]}, "properties": {"id": 6226821678, "type": "power", "name": "Unnamed Asset", "criticality_weight": 0.9}}, {"type": "Feature", "geometry": {"type": "Point", "coordinates": [86.00007, 20.0191339]}, "properties": {"id": 6226821679, "type": "power", "name": "Unnamed Asset", "criticality_weight": 0.9}}, {"type": "Feature", "geometry": {"type": "Point", "coordinates": [86.0010892, 20.0202856]}, "properties": {"id": 6226821680, "type": "power", "name": "Unnamed Asset", "criticality_weight": 0.9}}, {"type": "Feature", "geometry": {"type": "Point", "coordinates": [86.002433, 20.0217926]}, "properties": {"id": 6226821681, "type": "power", "name": "Unnamed Asset", "criticality_weight": 0.9}}, {"type": "Feature", "geometry": {"type": "Point", "coordinates": [86.0041764, 20.0236928]}, "properties": {"id": 6226821682, "type": "power", "name": "Unnamed Asset", "criticality_weight": 0.9}}, {"type": "Feature", "geometry": {"type": "Point", "coordinates": [85.9524447, 19.9039842]}, "properties": {"id": 6226822104, "type": "power", "name": "Unnamed Asset", "criticality_weight": 0.9}}, {"type": "Feature", "geometry": {"type": "Point", "coordinates": [85.9540406, 19.9061405]}, "properties": {"id": 6226822105, "type": "power", "name": "Unnamed Asset", "criticality_weight": 0.9}}, {"type": "Feature", "geometry": {"type": "Point", "coordinates": [85.9555238, 19.9081605]}, "properties": {"id": 6226822106, "type": "power", "name": "Unnamed Asset", "criticality_weight": 0.9}}, {"type": "Feature", "geometry": {"type": "Point", "coordinates": [85.9571251, 19.9103092]}, "properties": {"id": 6226822107, "type": "power", "name": "Unnamed Asset", "criticality_weight": 0.9}}, {"type": "Feature", "geometry": {"type": "Point", "coordinates": [85.9586996, 19.9124452]}, "properties": {"id": 6226822108, "type": "power", "name": "Unnamed Asset", "criticality_weight": 0.9}}, {"type": "Feature", "geometry": {"type": "Point", "coordinates": [85.960207, 19.914498]}, "properties": {"id": 6226822109, "type": "power", "name": "Unnamed Asset", "criticality_weight": 0.9}}, {"type": "Feature", "geometry": {"type": "Point", "coordinates": [85.9618539, 19.9165432]}, "properties": {"id": 6226822110, "type": "power", "name": "Unnamed Asset", "criticality_weight": 0.9}}, {"type": "Feature", "geometry": {"type": "Point", "coordinates": [85.9636295, 19.9188203]}, "properties": {"id": 6226822111, "type": "power", "name": "Unnamed Asset", "criticality_weight": 0.9}}, {"type": "Feature", "geometry": {"type": "Point", "coordinates": [85.9653193, 19.9207394]}, "properties": {"id": 6226822112, "type": "power", "name": "Unnamed Asset", "criticality_weight": 0.9}}, {"type": "Feature", "geometry": {"type": "Point", "coordinates": [85.9670466, 19.922676]}, "properties": {"id": 6226822113, "type": "power", "name": "Unnamed Asset", "criticality_weight": 0.9}}, {"type": "Feature", "geometry": {"type": "Point", "coordinates": [85.9689456, 19.9247917]}, "properties": {"id": 6226822114, "type": "power", "name": "Unnamed Asset", "criticality_weight": 0.9}}, {"type": "Feature", "geometry": {"type": "Point", "coordinates": [85.9708446, 19.9269049]}, "properties": {"id": 6226822115, "type": "power", "name": "Unnamed Asset", "criticality_weight": 0.9}}, {"type": "Feature", "geometry": {"type": "Point", "coordinates": [85.9724888, 19.9287708]}, "properties": {"id": 6226822116, "type": "power", "name": "Unnamed Asset", "criticality_weight": 0.9}}, {"type": "Feature", "geometry": {"type": "Point", "coordinates": [85.9743315, 19.9308587]}, "properties": {"id": 6226822117, "type": "power", "name": "Unnamed Asset", "criticality_weight": 0.9}}, {"type": "Feature", "geometry": {"type": "Point", "coordinates": [85.9748438, 19.9330499]}, "properties": {"id": 6226822118, "type": "power", "name": "Unnamed Asset", "criticality_weight": 0.9}}, {"type": "Feature", "geometry": {"type": "Point", "coordinates": [85.9753668, 19.9353168]}, "properties": {"id": 6226822119, "type": "power", "name": "Unnamed Asset", "criticality_weight": 0.9}}, {"type": "Feature", "geometry": {"type": "Point", "coordinates": [85.9758899, 19.9375104]}, "properties": {"id": 6226822120, "type": "power", "name": "Unnamed Asset", "criticality_weight": 0.9}}, {"type": "Feature", "geometry": {"type": "Point", "coordinates": [85.9768471, 19.9417666]}, "properties": {"id": 6226822121, "type": "power", "name": "Unnamed Asset", "criticality_weight": 0.9}}, {"type": "Feature", "geometry": {"type": "Point", "coordinates": [85.9764183, 19.9398579]}, "properties": {"id": 6226822122, "type": "power", "name": "Unnamed Asset", "criticality_weight": 0.9}}, {"type": "Feature", "geometry": {"type": "Point", "coordinates": [85.9770647, 19.9427348]}, "properties": {"id": 6226822123, "type": "power", "name": "Unnamed Asset", "criticality_weight": 0.9}}, {"type": "Feature", "geometry": {"type": "Point", "coordinates": [85.9769708, 19.9451755]}, "properties": {"id": 6226822124, "type": "power", "name": "Unnamed Asset", "criticality_weight": 0.9}}, {"type": "Feature", "geometry": {"type": "Point", "coordinates": [85.9768742, 19.9472808]}, "properties": {"id": 6226822125, "type": "power", "name": "Unnamed Asset", "criticality_weight": 0.9}}, {"type": "Feature", "geometry": {"type": "Point", "coordinates": [85.9767696, 19.9494768]}, "properties": {"id": 6226822126, "type": "power", "name": "Unnamed Asset", "criticality_weight": 0.9}}, {"type": "Feature", "geometry": {"type": "Point", "coordinates": [85.9766677, 19.9521871]}, "properties": {"id": 6226822127, "type": "power", "name": "Unnamed Asset", "criticality_weight": 0.9}}, {"type": "Feature", "geometry": {"type": "Point", "coordinates": [85.9757397, 19.9549831]}, "properties": {"id": 6226822128, "type": "power", "name": "Unnamed Asset", "criticality_weight": 0.9}}, {"type": "Feature", "geometry": {"type": "Point", "coordinates": [85.9748304, 19.9575421]}, "properties": {"id": 6226822129, "type": "power", "name": "Unnamed Asset", "criticality_weight": 0.9}}, {"type": "Feature", "geometry": {"type": "Point", "coordinates": [85.9741062, 19.959622]}, "properties": {"id": 6226822130, "type": "power", "name": "Unnamed Asset", "criticality_weight": 0.9}}, {"type": "Feature", "geometry": {"type": "Point", "coordinates": [85.9733605, 19.9617347]}, "properties": {"id": 6226822131, "type": "power", "name": "Unnamed Asset", "criticality_weight": 0.9}}, {"type": "Feature", "geometry": {"type": "Point", "coordinates": [85.9743503, 19.9643313]}, "properties": {"id": 6226822132, "type": "power", "name": "Unnamed Asset", "criticality_weight": 0.9}}, {"type": "Feature", "geometry": {"type": "Point", "coordinates": [85.9753749, 19.9669406]}, "properties": {"id": 6226822133, "type": "power", "name": "Unnamed Asset", "criticality_weight": 0.9}}, {"type": "Feature", "geometry": {"type": "Point", "coordinates": [85.9762788, 19.9692624]}, "properties": {"id": 6226822134, "type": "power", "name": "Unnamed Asset", "criticality_weight": 0.9}}, {"type": "Feature", "geometry": {"type": "Point", "coordinates": [85.9771934, 19.9716144]}, "properties": {"id": 6226822135, "type": "power", "name": "Unnamed Asset", "criticality_weight": 0.9}}, {"type": "Feature", "geometry": {"type": "Point", "coordinates": [85.9781644, 19.9740118]}, "properties": {"id": 6226822136, "type": "power", "name": "Unnamed Asset", "criticality_weight": 0.9}}, {"type": "Feature", "geometry": {"type": "Point", "coordinates": [85.9787974, 19.9762503]}, "properties": {"id": 6226822137, "type": "power", "name": "Unnamed Asset", "criticality_weight": 0.9}}, {"type": "Feature", "geometry": {"type": "Point", "coordinates": [85.9795082, 19.9787535]}, "properties": {"id": 6226822138, "type": "power", "name": "Unnamed Asset", "criticality_weight": 0.9}}, {"type": "Feature", "geometry": {"type": "Point", "coordinates": [85.9801975, 19.9812238]}, "properties": {"id": 6226822139, "type": "power", "name": "Unnamed Asset", "criticality_weight": 0.9}}, {"type": "Feature", "geometry": {"type": "Point", "coordinates": [85.9808975, 19.9837269]}, "properties": {"id": 6226822140, "type": "power", "name": "Unnamed Asset", "criticality_weight": 0.9}}, {"type": "Feature", "geometry": {"type": "Point", "coordinates": [85.9816083, 19.9862047]}, "properties": {"id": 6226822141, "type": "power", "name": "Unnamed Asset", "criticality_weight": 0.9}}, {"type": "Feature", "geometry": {"type": "Point", "coordinates": [85.9822762, 19.9885666]}, "properties": {"id": 6226822142, "type": "power", "name": "Unnamed Asset", "criticality_weight": 0.9}}, {"type": "Feature", "geometry": {"type": "Point", "coordinates": [85.9830245, 19.9912082]}, "properties": {"id": 6226822143, "type": "power", "name": "Unnamed Asset", "criticality_weight": 0.9}}, {"type": "Feature", "geometry": {"type": "Point", "coordinates": [85.9837165, 19.9936733]}, "properties": {"id": 6226822144, "type": "power", "name": "Unnamed Asset", "criticality_weight": 0.9}}, {"type": "Feature", "geometry": {"type": "Point", "coordinates": [85.9844166, 19.9961031]}, "properties": {"id": 6226822145, "type": "power", "name": "Unnamed Asset", "criticality_weight": 0.9}}, {"type": "Feature", "geometry": {"type": "Point", "coordinates": [85.9851086, 19.9985581]}, "properties": {"id": 6226822146, "type": "power", "name": "Unnamed Asset", "criticality_weight": 0.9}}, {"type": "Feature", "geometry": {"type": "Point", "coordinates": [85.9858569, 20.0010231]}, "properties": {"id": 6226822147, "type": "power", "name": "Unnamed Asset", "criticality_weight": 0.9}}, {"type": "Feature", "geometry": {"type": "Point", "coordinates": [85.9865972, 20.003425]}, "properties": {"id": 6226822148, "type": "power", "name": "Unnamed Asset", "criticality_weight": 0.9}}, {"type": "Feature", "geometry": {"type": "Point", "coordinates": [85.9873536, 20.0058874]}, "properties": {"id": 6226822149, "type": "power", "name": "Unnamed Asset", "criticality_weight": 0.9}}, {"type": "Feature", "geometry": {"type": "Point", "coordinates": [85.9881207, 20.0083876]}, "properties": {"id": 6226822150, "type": "power", "name": "Unnamed Asset", "criticality_weight": 0.9}}, {"type": "Feature", "geometry": {"type": "Point", "coordinates": [85.9888691, 20.0108248]}, "properties": {"id": 6226822151, "type": "power", "name": "Unnamed Asset", "criticality_weight": 0.9}}, {"type": "Feature", "geometry": {"type": "Point", "coordinates": [85.9895799, 20.0132392]}, "properties": {"id": 6226822152, "type": "power", "name": "Unnamed Asset", "criticality_weight": 0.9}}, {"type": "Feature", "geometry": {"type": "Point", "coordinates": [85.9918436, 20.0144968]}, "properties": {"id": 6226822153, "type": "power", "name": "Unnamed Asset", "criticality_weight": 0.9}}, {"type": "Feature", "geometry": {"type": "Point", "coordinates": [85.6457475, 20.0877878]}, "properties": {"id": 6227095984, "type": "power", "name": "Unnamed Asset", "criticality_weight": 0.9}}, {"type": "Feature", "geometry": {"type": "Point", "coordinates": [85.6716791, 20.0645152]}, "properties": {"id": 6227096645, "type": "power", "name": "Unnamed Asset", "criticality_weight": 0.9}}, {"type": "Feature", "geometry": {"type": "Point", "coordinates": [85.6726125, 20.0622754]}, "properties": {"id": 6227096646, "type": "power", "name": "Unnamed Asset", "criticality_weight": 0.9}}, {"type": "Feature", "geometry": {"type": "Point", "coordinates": [85.6724596, 20.0596073]}, "properties": {"id": 6227096647, "type": "power", "name": "Unnamed Asset", "criticality_weight": 0.9}}, {"type": "Feature", "geometry": {"type": "Point", "coordinates": [85.6723121, 20.057055]}, "properties": {"id": 6227096648, "type": "power", "name": "Unnamed Asset", "criticality_weight": 0.9}}, {"type": "Feature", "geometry": {"type": "Point", "coordinates": [85.6721672, 20.0543162]}, "properties": {"id": 6227096649, "type": "power", "name": "Unnamed Asset", "criticality_weight": 0.9}}, {"type": "Feature", "geometry": {"type": "Point", "coordinates": [85.6720465, 20.0515951]}, "properties": {"id": 6227096650, "type": "power", "name": "Unnamed Asset", "criticality_weight": 0.9}}, {"type": "Feature", "geometry": {"type": "Point", "coordinates": [85.6718856, 20.0489318]}, "properties": {"id": 6227096651, "type": "power", "name": "Unnamed Asset", "criticality_weight": 0.9}}, {"type": "Feature", "geometry": {"type": "Point", "coordinates": [85.6717247, 20.04614]}, "properties": {"id": 6227096652, "type": "power", "name": "Unnamed Asset", "criticality_weight": 0.9}}, {"type": "Feature", "geometry": {"type": "Point", "coordinates": [85.6715959, 20.0435144]}, "properties": {"id": 6227096653, "type": "power", "name": "Unnamed Asset", "criticality_weight": 0.9}}, {"type": "Feature", "geometry": {"type": "Point", "coordinates": [85.6725025, 20.0419471]}, "properties": {"id": 6227096654, "type": "power", "name": "Unnamed Asset", "criticality_weight": 0.9}}, {"type": "Feature", "geometry": {"type": "Point", "coordinates": [85.6735218, 20.0401757]}, "properties": {"id": 6227096655, "type": "power", "name": "Unnamed Asset", "criticality_weight": 0.9}}, {"type": "Feature", "geometry": {"type": "Point", "coordinates": [85.674651, 20.0382027]}, "properties": {"id": 6227096656, "type": "power", "name": "Unnamed Asset", "criticality_weight": 0.9}}, {"type": "Feature", "geometry": {"type": "Point", "coordinates": [85.6752035, 20.0356425]}, "properties": {"id": 6227096657, "type": "power", "name": "Unnamed Asset", "criticality_weight": 0.9}}, {"type": "Feature", "geometry": {"type": "Point", "coordinates": [85.6758043, 20.0333242]}, "properties": {"id": 6227096658, "type": "power", "name": "Unnamed Asset", "criticality_weight": 0.9}}, {"type": "Feature", "geometry": {"type": "Point", "coordinates": [85.6764507, 20.0307841]}, "properties": {"id": 6227096659, "type": "power", "name": "Unnamed Asset", "criticality_weight": 0.9}}, {"type": "Feature", "geometry": {"type": "Point", "coordinates": [85.6771025, 20.028244]}, "properties": {"id": 6227096660, "type": "power", "name": "Unnamed Asset", "criticality_weight": 0.9}}, {"type": "Feature", "geometry": {"type": "Point", "coordinates": [85.6777838, 20.0255753]}, "properties": {"id": 6227096661, "type": "power", "name": "Unnamed Asset", "criticality_weight": 0.9}}, {"type": "Feature", "geometry": {"type": "Point", "coordinates": [85.6784114, 20.0231333]}, "properties": {"id": 6227096662, "type": "power", "name": "Unnamed Asset", "criticality_weight": 0.9}}, {"type": "Feature", "geometry": {"type": "Point", "coordinates": [85.6789586, 20.0210492]}, "properties": {"id": 6227096663, "type": "power", "name": "Unnamed Asset", "criticality_weight": 0.9}}, {"type": "Feature", "geometry": {"type": "Point", "coordinates": [85.6795272, 20.0184257]}, "properties": {"id": 6227096664, "type": "power", "name": "Unnamed Asset", "criticality_weight": 0.9}}, {"type": "Feature", "geometry": {"type": "Point", "coordinates": [85.6800476, 20.0161475]}, "properties": {"id": 6227096665, "type": "power", "name": "Unnamed Asset", "criticality_weight": 0.9}}, {"type": "Feature", "geometry": {"type": "Point", "coordinates": [85.6806216, 20.0136752]}, "properties": {"id": 6227096666, "type": "power", "name": "Unnamed Asset", "criticality_weight": 0.9}}, {"type": "Feature", "geometry": {"type": "Point", "coordinates": [85.6811607, 20.0112154]}, "properties": {"id": 6227096667, "type": "power", "name": "Unnamed Asset", "criticality_weight": 0.9}}, {"type": "Feature", "geometry": {"type": "Point", "coordinates": [85.6816998, 20.0087934]}, "properties": {"id": 6227096668, "type": "power", "name": "Unnamed Asset", "criticality_weight": 0.9}}, {"type": "Feature", "geometry": {"type": "Point", "coordinates": [85.6822953, 20.0061823]}, "properties": {"id": 6227096669, "type": "power", "name": "Unnamed Asset", "criticality_weight": 0.9}}, {"type": "Feature", "geometry": {"type": "Point", "coordinates": [85.6828666, 20.0036519]}, "properties": {"id": 6227096670, "type": "power", "name": "Unnamed Asset", "criticality_weight": 0.9}}, {"type": "Feature", "geometry": {"type": "Point", "coordinates": [85.6833816, 20.0013281]}, "properties": {"id": 6227096671, "type": "power", "name": "Unnamed Asset", "criticality_weight": 0.9}}, {"type": "Feature", "geometry": {"type": "Point", "coordinates": [85.6838858, 19.9990546]}, "properties": {"id": 6227096672, "type": "power", "name": "Unnamed Asset", "criticality_weight": 0.9}}, {"type": "Feature", "geometry": {"type": "Point", "coordinates": [85.6844383, 19.9965089]}, "properties": {"id": 6227096673, "type": "power", "name": "Unnamed Asset", "criticality_weight": 0.9}}, {"type": "Feature", "geometry": {"type": "Point", "coordinates": [85.6848755, 19.9945732]}, "properties": {"id": 6227096674, "type": "power", "name": "Unnamed Asset", "criticality_weight": 0.9}}, {"type": "Feature", "geometry": {"type": "Point", "coordinates": [85.6853825, 19.9922265]}, "properties": {"id": 6227096675, "type": "power", "name": "Unnamed Asset", "criticality_weight": 0.9}}, {"type": "Feature", "geometry": {"type": "Point", "coordinates": [85.6871018, 19.9897387]}, "properties": {"id": 6227096676, "type": "power", "name": "Unnamed Asset", "criticality_weight": 0.9}}, {"type": "Feature", "geometry": {"type": "Point", "coordinates": [85.6873271, 19.9873088]}, "properties": {"id": 6227096677, "type": "power", "name": "Unnamed Asset", "criticality_weight": 0.9}}, {"type": "Feature", "geometry": {"type": "Point", "coordinates": [85.687547, 19.984957]}, "properties": {"id": 6227096678, "type": "power", "name": "Unnamed Asset", "criticality_weight": 0.9}}, {"type": "Feature", "geometry": {"type": "Point", "coordinates": [85.6878179, 19.9823834]}, "properties": {"id": 6227096679, "type": "power", "name": "Unnamed Asset", "criticality_weight": 0.9}}, {"type": "Feature", "geometry": {"type": "Point", "coordinates": [85.6880057, 19.9802911]}, "properties": {"id": 6227096680, "type": "power", "name": "Unnamed Asset", "criticality_weight": 0.9}}, {"type": "Feature", "geometry": {"type": "Point", "coordinates": [85.688872, 19.9780728]}, "properties": {"id": 6227096681, "type": "power", "name": "Unnamed Asset", "criticality_weight": 0.9}}, {"type": "Feature", "geometry": {"type": "Point", "coordinates": [85.6898564, 19.9755419]}, "properties": {"id": 6227096682, "type": "power", "name": "Unnamed Asset", "criticality_weight": 0.9}}, {"type": "Feature", "geometry": {"type": "Point", "coordinates": [85.6907013, 19.9733185]}, "properties": {"id": 6227096683, "type": "power", "name": "Unnamed Asset", "criticality_weight": 0.9}}, {"type": "Feature", "geometry": {"type": "Point", "coordinates": [85.6916776, 19.9707775]}, "properties": {"id": 6227096684, "type": "power", "name": "Unnamed Asset", "criticality_weight": 0.9}}, {"type": "Feature", "geometry": {"type": "Point", "coordinates": [85.743117, 19.9174081]}, "properties": {"id": 6227096840, "type": "power", "name": "Unnamed Asset", "criticality_weight": 0.9}}, {"type": "Feature", "geometry": {"type": "Point", "coordinates": [85.7463491, 19.9175695]}, "properties": {"id": 6227096841, "type": "power", "name": "Unnamed Asset", "criticality_weight": 0.9}}, {"type": "Feature", "geometry": {"type": "Point", "coordinates": [85.7489938, 19.9177461]}, "properties": {"id": 6227096842, "type": "power", "name": "Unnamed Asset", "criticality_weight": 0.9}}, {"type": "Feature", "geometry": {"type": "Point", "coordinates": [85.751684, 19.9179024]}, "properties": {"id": 6227096843, "type": "power", "name": "Unnamed Asset", "criticality_weight": 0.9}}, {"type": "Feature", "geometry": {"type": "Point", "coordinates": [85.7544172, 19.9180991]}, "properties": {"id": 6227096844, "type": "power", "name": "Unnamed Asset", "criticality_weight": 0.9}}, {"type": "Feature", "geometry": {"type": "Point", "coordinates": [85.7566622, 19.9182151]}, "properties": {"id": 6227096845, "type": "power", "name": "Unnamed Asset", "criticality_weight": 0.9}}, {"type": "Feature", "geometry": {"type": "Point", "coordinates": [85.7594302, 19.9178848]}, "properties": {"id": 6227096846, "type": "power", "name": "Unnamed Asset", "criticality_weight": 0.9}}, {"type": "Feature", "geometry": {"type": "Point", "coordinates": [85.7620481, 19.9175973]}, "properties": {"id": 6227096847, "type": "power", "name": "Unnamed Asset", "criticality_weight": 0.9}}, {"type": "Feature", "geometry": {"type": "Point", "coordinates": [85.7646713, 19.9172518]}, "properties": {"id": 6227096848, "type": "power", "name": "Unnamed Asset", "criticality_weight": 0.9}}, {"type": "Feature", "geometry": {"type": "Point", "coordinates": [85.7663369, 19.9169416]}, "properties": {"id": 6227096849, "type": "power", "name": "Unnamed Asset", "criticality_weight": 0.9}}, {"type": "Feature", "geometry": {"type": "Point", "coordinates": [85.7692632, 19.9164045]}, "properties": {"id": 6227096850, "type": "power", "name": "Unnamed Asset", "criticality_weight": 0.9}}, {"type": "Feature", "geometry": {"type": "Point", "coordinates": [85.7718971, 19.9159127]}, "properties": {"id": 6227096851, "type": "power", "name": "Unnamed Asset", "criticality_weight": 0.9}}, {"type": "Feature", "geometry": {"type": "Point", "coordinates": [85.7743889, 19.9154058]}, "properties": {"id": 6227096852, "type": "power", "name": "Unnamed Asset", "criticality_weight": 0.9}}, {"type": "Feature", "geometry": {"type": "Point", "coordinates": [85.7791416, 19.9145198]}, "properties": {"id": 6227096853, "type": "power", "name": "Unnamed Asset", "criticality_weight": 0.9}}, {"type": "Feature", "geometry": {"type": "Point", "coordinates": [85.7770094, 19.9149191]}, "properties": {"id": 6227096854, "type": "power", "name": "Unnamed Asset", "criticality_weight": 0.9}}, {"type": "Feature", "geometry": {"type": "Point", "coordinates": [85.7811159, 19.91415]}, "properties": {"id": 6227096855, "type": "power", "name": "Unnamed Asset", "criticality_weight": 0.9}}, {"type": "Feature", "geometry": {"type": "Point", "coordinates": [85.7836103, 19.9136809]}, "properties": {"id": 6227096856, "type": "power", "name": "Unnamed Asset", "criticality_weight": 0.9}}, {"type": "Feature", "geometry": {"type": "Point", "coordinates": [85.7857776, 19.9124553]}, "properties": {"id": 6227096857, "type": "power", "name": "Unnamed Asset", "criticality_weight": 0.9}}, {"type": "Feature", "geometry": {"type": "Point", "coordinates": [85.7879421, 19.9112423]}, "properties": {"id": 6227096858, "type": "power", "name": "Unnamed Asset", "criticality_weight": 0.9}}, {"type": "Feature", "geometry": {"type": "Point", "coordinates": [85.7899699, 19.9101024]}, "properties": {"id": 6227096859, "type": "power", "name": "Unnamed Asset", "criticality_weight": 0.9}}, {"type": "Feature", "geometry": {"type": "Point", "coordinates": [85.7922685, 19.9088112]}, "properties": {"id": 6227096860, "type": "power", "name": "Unnamed Asset", "criticality_weight": 0.9}}, {"type": "Feature", "geometry": {"type": "Point", "coordinates": [85.7943231, 19.9076864]}, "properties": {"id": 6227096861, "type": "power", "name": "Unnamed Asset", "criticality_weight": 0.9}}, {"type": "Feature", "geometry": {"type": "Point", "coordinates": [85.7966432, 19.9063725]}, "properties": {"id": 6227096862, "type": "power", "name": "Unnamed Asset", "criticality_weight": 0.9}}, {"type": "Feature", "geometry": {"type": "Point", "coordinates": [85.7994863, 19.9057521]}, "properties": {"id": 6227096863, "type": "power", "name": "Unnamed Asset", "criticality_weight": 0.9}}, {"type": "Feature", "geometry": {"type": "Point", "coordinates": [85.8016884, 19.9067508]}, "properties": {"id": 6227096864, "type": "power", "name": "Unnamed Asset", "criticality_weight": 0.9}}, {"type": "Feature", "geometry": {"type": "Point", "coordinates": [85.8043599, 19.9079689]}, "properties": {"id": 6227096865, "type": "power", "name": "Unnamed Asset", "criticality_weight": 0.9}}, {"type": "Feature", "geometry": {"type": "Point", "coordinates": [85.8058405, 19.9081933]}, "properties": {"id": 6227096866, "type": "power", "name": "Unnamed Asset", "criticality_weight": 0.9}}, {"type": "Feature", "geometry": {"type": "Point", "coordinates": [85.8088794, 19.9086397]}, "properties": {"id": 6227096867, "type": "power", "name": "Unnamed Asset", "criticality_weight": 0.9}}, {"type": "Feature", "geometry": {"type": "Point", "coordinates": [85.8112425, 19.9089802]}, "properties": {"id": 6227096868, "type": "power", "name": "Unnamed Asset", "criticality_weight": 0.9}}, {"type": "Feature", "geometry": {"type": "Point", "coordinates": [85.8139059, 19.9093862]}, "properties": {"id": 6227096869, "type": "power", "name": "Unnamed Asset", "criticality_weight": 0.9}}, {"type": "Feature", "geometry": {"type": "Point", "coordinates": [85.8155125, 19.9098351]}, "properties": {"id": 6227096870, "type": "power", "name": "Unnamed Asset", "criticality_weight": 0.9}}, {"type": "Feature", "geometry": {"type": "Point", "coordinates": [85.8179989, 19.9094492]}, "properties": {"id": 6227096871, "type": "power", "name": "Unnamed Asset", "criticality_weight": 0.9}}, {"type": "Feature", "geometry": {"type": "Point", "coordinates": [85.8202225, 19.9097241]}, "properties": {"id": 6227096872, "type": "power", "name": "Unnamed Asset", "criticality_weight": 0.9}}, {"type": "Feature", "geometry": {"type": "Point", "coordinates": [85.8218855, 19.9098931]}, "properties": {"id": 6227096873, "type": "power", "name": "Unnamed Asset", "criticality_weight": 0.9}}, {"type": "Feature", "geometry": {"type": "Point", "coordinates": [85.8241975, 19.9105967]}, "properties": {"id": 6227096874, "type": "power", "name": "Unnamed Asset", "criticality_weight": 0.9}}, {"type": "Feature", "geometry": {"type": "Point", "coordinates": [85.8267724, 19.9113734]}, "properties": {"id": 6227096875, "type": "power", "name": "Unnamed Asset", "criticality_weight": 0.9}}, {"type": "Feature", "geometry": {"type": "Point", "coordinates": [85.8294788, 19.9121527]}, "properties": {"id": 6227096876, "type": "power", "name": "Unnamed Asset", "criticality_weight": 0.9}}, {"type": "Feature", "geometry": {"type": "Point", "coordinates": [85.8320644, 19.912937]}, "properties": {"id": 6227096877, "type": "power", "name": "Unnamed Asset", "criticality_weight": 0.9}}, {"type": "Feature", "geometry": {"type": "Point", "coordinates": [85.8347949, 19.9137364]}, "properties": {"id": 6227096878, "type": "power", "name": "Unnamed Asset", "criticality_weight": 0.9}}, {"type": "Feature", "geometry": {"type": "Point", "coordinates": [85.8372009, 19.914445]}, "properties": {"id": 6227096879, "type": "power", "name": "Unnamed Asset", "criticality_weight": 0.9}}, {"type": "Feature", "geometry": {"type": "Point", "coordinates": [85.8399931, 19.9152747]}, "properties": {"id": 6227096880, "type": "power", "name": "Unnamed Asset", "criticality_weight": 0.9}}, {"type": "Feature", "geometry": {"type": "Point", "coordinates": [85.842737, 19.9161044]}, "properties": {"id": 6227096881, "type": "power", "name": "Unnamed Asset", "criticality_weight": 0.9}}, {"type": "Feature", "geometry": {"type": "Point", "coordinates": [85.8451456, 19.9168256]}, "properties": {"id": 6227096882, "type": "power", "name": "Unnamed Asset", "criticality_weight": 0.9}}, {"type": "Feature", "geometry": {"type": "Point", "coordinates": [85.8476669, 19.916866]}, "properties": {"id": 6227096883, "type": "power", "name": "Unnamed Asset", "criticality_weight": 0.9}}, {"type": "Feature", "geometry": {"type": "Point", "coordinates": [85.8500272, 19.916866]}, "properties": {"id": 6227096884, "type": "power", "name": "Unnamed Asset", "criticality_weight": 0.9}}, {"type": "Feature", "geometry": {"type": "Point", "coordinates": [85.6924662, 19.9687632]}, "properties": {"id": 6227096985, "type": "power", "name": "Unnamed Asset", "criticality_weight": 0.9}}, {"type": "Feature", "geometry": {"type": "Point", "coordinates": [85.6933916, 19.966386]}, "properties": {"id": 6227096986, "type": "power", "name": "Unnamed Asset", "criticality_weight": 0.9}}, {"type": "Feature", "geometry": {"type": "Point", "coordinates": [85.6941828, 19.9642809]}, "properties": {"id": 6227096987, "type": "power", "name": "Unnamed Asset", "criticality_weight": 0.9}}, {"type": "Feature", "geometry": {"type": "Point", "coordinates": [85.6951135, 19.9618985]}, "properties": {"id": 6227096988, "type": "power", "name": "Unnamed Asset", "criticality_weight": 0.9}}, {"type": "Feature", "geometry": {"type": "Point", "coordinates": [85.6960228, 19.9595161]}, "properties": {"id": 6227096989, "type": "power", "name": "Unnamed Asset", "criticality_weight": 0.9}}, {"type": "Feature", "geometry": {"type": "Point", "coordinates": [85.6969213, 19.9572093]}, "properties": {"id": 6227096990, "type": "power", "name": "Unnamed Asset", "criticality_weight": 0.9}}, {"type": "Feature", "geometry": {"type": "Point", "coordinates": [85.6978655, 19.9547537]}, "properties": {"id": 6227096991, "type": "power", "name": "Unnamed Asset", "criticality_weight": 0.9}}, {"type": "Feature", "geometry": {"type": "Point", "coordinates": [85.6986755, 19.9526687]}, "properties": {"id": 6227096992, "type": "power", "name": "Unnamed Asset", "criticality_weight": 0.9}}, {"type": "Feature", "geometry": {"type": "Point", "coordinates": [85.6996009, 19.9502785]}, "properties": {"id": 6227096993, "type": "power", "name": "Unnamed Asset", "criticality_weight": 0.9}}, {"type": "Feature", "geometry": {"type": "Point", "coordinates": [85.7005128, 19.947906]}, "properties": {"id": 6227096994, "type": "power", "name": "Unnamed Asset", "criticality_weight": 0.9}}, {"type": "Feature", "geometry": {"type": "Point", "coordinates": [85.7014194, 19.9455839]}, "properties": {"id": 6227096995, "type": "power", "name": "Unnamed Asset", "criticality_weight": 0.9}}, {"type": "Feature", "geometry": {"type": "Point", "coordinates": [85.7028893, 19.9443333]}, "properties": {"id": 6227096996, "type": "power", "name": "Unnamed Asset", "criticality_weight": 0.9}}, {"type": "Feature", "geometry": {"type": "Point", "coordinates": [85.7044423, 19.9430021]}, "properties": {"id": 6227096997, "type": "power", "name": "Unnamed Asset", "criticality_weight": 0.9}}, {"type": "Feature", "geometry": {"type": "Point", "coordinates": [85.7064566, 19.9411564]}, "properties": {"id": 6227096998, "type": "power", "name": "Unnamed Asset", "criticality_weight": 0.9}}, {"type": "Feature", "geometry": {"type": "Point", "coordinates": [85.708259, 19.939457]}, "properties": {"id": 6227096999, "type": "power", "name": "Unnamed Asset", "criticality_weight": 0.9}}, {"type": "Feature", "geometry": {"type": "Point", "coordinates": [85.7101446, 19.9376819]}, "properties": {"id": 6227097000, "type": "power", "name": "Unnamed Asset", "criticality_weight": 0.9}}, {"type": "Feature", "geometry": {"type": "Point", "coordinates": [85.7119283, 19.9360001]}, "properties": {"id": 6227097001, "type": "power", "name": "Unnamed Asset", "criticality_weight": 0.9}}, {"type": "Feature", "geometry": {"type": "Point", "coordinates": [85.7137147, 19.9343308]}, "properties": {"id": 6227097002, "type": "power", "name": "Unnamed Asset", "criticality_weight": 0.9}}, {"type": "Feature", "geometry": {"type": "Point", "coordinates": [85.7155037, 19.9326742]}, "properties": {"id": 6227097003, "type": "power", "name": "Unnamed Asset", "criticality_weight": 0.9}}, {"type": "Feature", "geometry": {"type": "Point", "coordinates": [85.7175475, 19.9307503]}, "properties": {"id": 6227097004, "type": "power", "name": "Unnamed Asset", "criticality_weight": 0.9}}, {"type": "Feature", "geometry": {"type": "Point", "coordinates": [85.7195243, 19.9289045]}, "properties": {"id": 6227097005, "type": "power", "name": "Unnamed Asset", "criticality_weight": 0.9}}, {"type": "Feature", "geometry": {"type": "Point", "coordinates": [85.7214206, 19.9271394]}, "properties": {"id": 6227097006, "type": "power", "name": "Unnamed Asset", "criticality_weight": 0.9}}, {"type": "Feature", "geometry": {"type": "Point", "coordinates": [85.7231292, 19.9255331]}, "properties": {"id": 6227097007, "type": "power", "name": "Unnamed Asset", "criticality_weight": 0.9}}, {"type": "Feature", "geometry": {"type": "Point", "coordinates": [85.7253581, 19.9235561]}, "properties": {"id": 6227097008, "type": "power", "name": "Unnamed Asset", "criticality_weight": 0.9}}, {"type": "Feature", "geometry": {"type": "Point", "coordinates": [85.7272518, 19.9218035]}, "properties": {"id": 6227097009, "type": "power", "name": "Unnamed Asset", "criticality_weight": 0.9}}, {"type": "Feature", "geometry": {"type": "Point", "coordinates": [85.7291669, 19.9200131]}, "properties": {"id": 6227097010, "type": "power", "name": "Unnamed Asset", "criticality_weight": 0.9}}, {"type": "Feature", "geometry": {"type": "Point", "coordinates": [85.7312778, 19.9180815]}, "properties": {"id": 6227097011, "type": "power", "name": "Unnamed Asset", "criticality_weight": 0.9}}, {"type": "Feature", "geometry": {"type": "Point", "coordinates": [85.7332787, 19.9161977]}, "properties": {"id": 6227097012, "type": "power", "name": "Unnamed Asset", "criticality_weight": 0.9}}, {"type": "Feature", "geometry": {"type": "Point", "coordinates": [85.7359555, 19.9165104]}, "properties": {"id": 6227097013, "type": "power", "name": "Unnamed Asset", "criticality_weight": 0.9}}, {"type": "Feature", "geometry": {"type": "Point", "coordinates": [85.7383937, 19.9168105]}, "properties": {"id": 6227097014, "type": "power", "name": "Unnamed Asset", "criticality_weight": 0.9}}, {"type": "Feature", "geometry": {"type": "Point", "coordinates": [85.7408586, 19.917103]}, "properties": {"id": 6227097015, "type": "power", "name": "Unnamed Asset", "criticality_weight": 0.9}}, {"type": "Feature", "geometry": {"type": "Point", "coordinates": [85.8614373, 19.9126041]}, "properties": {"id": 6227097016, "type": "power", "name": "Unnamed Asset", "criticality_weight": 0.9}}, {"type": "Feature", "geometry": {"type": "Point", "coordinates": [85.8615875, 19.9095779]}, "properties": {"id": 6227097017, "type": "power", "name": "Unnamed Asset", "criticality_weight": 0.9}}, {"type": "Feature", "geometry": {"type": "Point", "coordinates": [85.8616894, 19.9069601]}, "properties": {"id": 6227097018, "type": "power", "name": "Unnamed Asset", "criticality_weight": 0.9}}, {"type": "Feature", "geometry": {"type": "Point", "coordinates": [85.8618236, 19.9047307]}, "properties": {"id": 6227097019, "type": "power", "name": "Unnamed Asset", "criticality_weight": 0.9}}, {"type": "Feature", "geometry": {"type": "Point", "coordinates": [85.8619577, 19.9022743]}, "properties": {"id": 6227097020, "type": "power", "name": "Unnamed Asset", "criticality_weight": 0.9}}, {"type": "Feature", "geometry": {"type": "Point", "coordinates": [85.8620113, 19.8996968]}, "properties": {"id": 6227097021, "type": "power", "name": "Unnamed Asset", "criticality_weight": 0.9}}, {"type": "Feature", "geometry": {"type": "Point", "coordinates": [85.8630788, 19.8971797]}, "properties": {"id": 6227097022, "type": "power", "name": "Unnamed Asset", "criticality_weight": 0.9}}, {"type": "Feature", "geometry": {"type": "Point", "coordinates": [85.861741, 19.893235]}, "properties": {"id": 6227097023, "type": "power", "name": "Unnamed Asset", "criticality_weight": 0.9}}, {"type": "Feature", "geometry": {"type": "Point", "coordinates": [85.8631915, 19.895384]}, "properties": {"id": 6227097024, "type": "power", "name": "Unnamed Asset", "criticality_weight": 0.9}}, {"type": "Feature", "geometry": {"type": "Point", "coordinates": [85.860461, 19.8913384]}, "properties": {"id": 6227097025, "type": "power", "name": "Unnamed Asset", "criticality_weight": 0.9}}, {"type": "Feature", "geometry": {"type": "Point", "coordinates": [85.858886, 19.8866203]}, "properties": {"id": 6227097026, "type": "power", "name": "Unnamed Asset", "criticality_weight": 0.9}}, {"type": "Feature", "geometry": {"type": "Point", "coordinates": [85.8591574, 19.8893409]}, "properties": {"id": 6227097027, "type": "power", "name": "Unnamed Asset", "criticality_weight": 0.9}}, {"type": "Feature", "geometry": {"type": "Point", "coordinates": [85.85857, 19.8834539]}, "properties": {"id": 6227097028, "type": "power", "name": "Unnamed Asset", "criticality_weight": 0.9}}, {"type": "Feature", "geometry": {"type": "Point", "coordinates": [85.8596054, 19.880755]}, "properties": {"id": 6227097029, "type": "power", "name": "Unnamed Asset", "criticality_weight": 0.9}}, {"type": "Feature", "geometry": {"type": "Point", "coordinates": [85.8604932, 19.878394]}, "properties": {"id": 6227097030, "type": "power", "name": "Unnamed Asset", "criticality_weight": 0.9}}, {"type": "Feature", "geometry": {"type": "Point", "coordinates": [85.8614159, 19.875965]}, "properties": {"id": 6227097031, "type": "power", "name": "Unnamed Asset", "criticality_weight": 0.9}}, {"type": "Feature", "geometry": {"type": "Point", "coordinates": [85.8623385, 19.8735409]}, "properties": {"id": 6227097032, "type": "power", "name": "Unnamed Asset", "criticality_weight": 0.9}}, {"type": "Feature", "geometry": {"type": "Point", "coordinates": [85.8628991, 19.8720778]}, "properties": {"id": 6227097033, "type": "power", "name": "Unnamed Asset", "criticality_weight": 0.9}}, {"type": "Feature", "geometry": {"type": "Point", "coordinates": [85.8640042, 19.8697269]}, "properties": {"id": 6227097034, "type": "power", "name": "Unnamed Asset", "criticality_weight": 0.9}}, {"type": "Feature", "geometry": {"type": "Point", "coordinates": [85.8651549, 19.8673304]}, "properties": {"id": 6227097035, "type": "power", "name": "Unnamed Asset", "criticality_weight": 0.9}}, {"type": "Feature", "geometry": {"type": "Point", "coordinates": [85.8663082, 19.8648785]}, "properties": {"id": 6227097036, "type": "power", "name": "Unnamed Asset", "criticality_weight": 0.9}}, {"type": "Feature", "geometry": {"type": "Point", "coordinates": [85.8674803, 19.862429]}, "properties": {"id": 6227097037, "type": "power", "name": "Unnamed Asset", "criticality_weight": 0.9}}, {"type": "Feature", "geometry": {"type": "Point", "coordinates": [85.8685398, 19.8602116]}, "properties": {"id": 6227097038, "type": "power", "name": "Unnamed Asset", "criticality_weight": 0.9}}, {"type": "Feature", "geometry": {"type": "Point", "coordinates": [85.8696878, 19.8578049]}, "properties": {"id": 6227097039, "type": "power", "name": "Unnamed Asset", "criticality_weight": 0.9}}, {"type": "Feature", "geometry": {"type": "Point", "coordinates": [85.8708841, 19.8552116]}, "properties": {"id": 6227097040, "type": "power", "name": "Unnamed Asset", "criticality_weight": 0.9}}, {"type": "Feature", "geometry": {"type": "Point", "coordinates": [85.8720803, 19.8526535]}, "properties": {"id": 6227097041, "type": "power", "name": "Unnamed Asset", "criticality_weight": 0.9}}, {"type": "Feature", "geometry": {"type": "Point", "coordinates": [85.873239, 19.8502416]}, "properties": {"id": 6227097042, "type": "power", "name": "Unnamed Asset", "criticality_weight": 0.9}}, {"type": "Feature", "geometry": {"type": "Point", "coordinates": [85.8743656, 19.8477642]}, "properties": {"id": 6227097043, "type": "power", "name": "Unnamed Asset", "criticality_weight": 0.9}}, {"type": "Feature", "geometry": {"type": "Point", "coordinates": [85.8755431, 19.8452362]}, "properties": {"id": 6227097044, "type": "power", "name": "Unnamed Asset", "criticality_weight": 0.9}}, {"type": "Feature", "geometry": {"type": "Point", "coordinates": [85.8766884, 19.8427007]}, "properties": {"id": 6227097045, "type": "power", "name": "Unnamed Asset", "criticality_weight": 0.9}}, {"type": "Feature", "geometry": {"type": "Point", "coordinates": [85.8758193, 19.8415073]}, "properties": {"id": 6227097046, "type": "power", "name": "Unnamed Asset", "criticality_weight": 0.9}}, {"type": "Feature", "geometry": {"type": "Point", "coordinates": [85.8550429, 19.8234594]}, "properties": {"id": 6227097056, "type": "power", "name": "Unnamed Asset", "criticality_weight": 0.9}}, {"type": "Feature", "geometry": {"type": "Point", "coordinates": [85.8582401, 19.822869]}, "properties": {"id": 6227097057, "type": "power", "name": "Unnamed Asset", "criticality_weight": 0.9}}, {"type": "Feature", "geometry": {"type": "Point", "coordinates": [85.8605844, 19.8235149]}, "properties": {"id": 6227097058, "type": "power", "name": "Unnamed Asset", "criticality_weight": 0.9}}, {"type": "Feature", "geometry": {"type": "Point", "coordinates": [85.8631915, 19.8241987]}, "properties": {"id": 6227097059, "type": "power", "name": "Unnamed Asset", "criticality_weight": 0.9}}, {"type": "Feature", "geometry": {"type": "Point", "coordinates": [85.8663699, 19.8263788]}, "properties": {"id": 6227097060, "type": "power", "name": "Unnamed Asset", "criticality_weight": 0.9}}, {"type": "Feature", "geometry": {"type": "Point", "coordinates": [85.8675098, 19.8278069]}, "properties": {"id": 6227097061, "type": "power", "name": "Unnamed Asset", "criticality_weight": 0.9}}, {"type": "Feature", "geometry": {"type": "Point", "coordinates": [85.8682045, 19.8280769]}, "properties": {"id": 6227097062, "type": "power", "name": "Unnamed Asset", "criticality_weight": 0.9}}, {"type": "Feature", "geometry": {"type": "Point", "coordinates": [85.8707365, 19.8291089]}, "properties": {"id": 6227097063, "type": "power", "name": "Unnamed Asset", "criticality_weight": 0.9}}, {"type": "Feature", "geometry": {"type": "Point", "coordinates": [85.873298, 19.8301308]}, "properties": {"id": 6227097064, "type": "power", "name": "Unnamed Asset", "criticality_weight": 0.9}}, {"type": "Feature", "geometry": {"type": "Point", "coordinates": [85.8759266, 19.831188]}, "properties": {"id": 6227097065, "type": "power", "name": "Unnamed Asset", "criticality_weight": 0.9}}, {"type": "Feature", "geometry": {"type": "Point", "coordinates": [85.9439796, 19.8918731]}, "properties": {"id": 6227097190, "type": "power", "name": "Unnamed Asset", "criticality_weight": 0.9}}, {"type": "Feature", "geometry": {"type": "Point", "coordinates": [85.9451357, 19.8938076]}, "properties": {"id": 6227097191, "type": "power", "name": "Unnamed Asset", "criticality_weight": 0.9}}, {"type": "Feature", "geometry": {"type": "Point", "coordinates": [85.9463614, 19.8957926]}, "properties": {"id": 6227097192, "type": "power", "name": "Unnamed Asset", "criticality_weight": 0.9}}, {"type": "Feature", "geometry": {"type": "Point", "coordinates": [85.94796, 19.8979843]}, "properties": {"id": 6227097193, "type": "power", "name": "Unnamed Asset", "criticality_weight": 0.9}}, {"type": "Feature", "geometry": {"type": "Point", "coordinates": [85.9494862, 19.9000322]}, "properties": {"id": 6227097194, "type": "power", "name": "Unnamed Asset", "criticality_weight": 0.9}}, {"type": "Feature", "geometry": {"type": "Point", "coordinates": [85.9509024, 19.9019262]}, "properties": {"id": 6227097195, "type": "power", "name": "Unnamed Asset", "criticality_weight": 0.9}}, {"type": "Feature", "geometry": {"type": "Point", "coordinates": [85.8548096, 19.9182681]}, "properties": {"id": 6227097385, "type": "power", "name": "Unnamed Asset", "criticality_weight": 0.9}}, {"type": "Feature", "geometry": {"type": "Point", "coordinates": [85.8536884, 19.9172669]}, "properties": {"id": 6227097386, "type": "power", "name": "Unnamed Asset", "criticality_weight": 0.9}}, {"type": "Feature", "geometry": {"type": "Point", "coordinates": [85.8561587, 19.9178696]}, "properties": {"id": 6227097387, "type": "power", "name": "Unnamed Asset", "criticality_weight": 0.9}}, {"type": "Feature", "geometry": {"type": "Point", "coordinates": [85.8579344, 19.9160943]}, "properties": {"id": 6227097388, "type": "power", "name": "Unnamed Asset", "criticality_weight": 0.9}}, {"type": "Feature", "geometry": {"type": "Point", "coordinates": [85.8598226, 19.9142029]}, "properties": {"id": 6227097389, "type": "power", "name": "Unnamed Asset", "criticality_weight": 0.9}}, {"type": "Feature", "geometry": {"type": "Point", "coordinates": [85.8784747, 19.8322149]}, "properties": {"id": 6227097390, "type": "power", "name": "Unnamed Asset", "criticality_weight": 0.9}}, {"type": "Feature", "geometry": {"type": "Point", "coordinates": [85.8809075, 19.8332015]}, "properties": {"id": 6227097391, "type": "power", "name": "Unnamed Asset", "criticality_weight": 0.9}}, {"type": "Feature", "geometry": {"type": "Point", "coordinates": [85.8836406, 19.8342763]}, "properties": {"id": 6227097392, "type": "power", "name": "Unnamed Asset", "criticality_weight": 0.9}}, {"type": "Feature", "geometry": {"type": "Point", "coordinates": [85.8743441, 19.8392417]}, "properties": {"id": 6227097393, "type": "power", "name": "Unnamed Asset", "criticality_weight": 0.9}}, {"type": "Feature", "geometry": {"type": "Point", "coordinates": [85.8741268, 19.8389288]}, "properties": {"id": 6227097394, "type": "power", "name": "Unnamed Asset", "criticality_weight": 0.9}}, {"type": "Feature", "geometry": {"type": "Point", "coordinates": [85.873923, 19.8381013]}, "properties": {"id": 6227097395, "type": "power", "name": "Unnamed Asset", "criticality_weight": 0.9}}, {"type": "Feature", "geometry": {"type": "Point", "coordinates": [85.8742958, 19.8367388]}, "properties": {"id": 6227097396, "type": "power", "name": "Unnamed Asset", "criticality_weight": 0.9}}, {"type": "Feature", "geometry": {"type": "Point", "coordinates": [85.8752829, 19.8363377]}, "properties": {"id": 6227097397, "type": "power", "name": "Unnamed Asset", "criticality_weight": 0.9}}, {"type": "Feature", "geometry": {"type": "Point", "coordinates": [85.8769432, 19.8353637]}, "properties": {"id": 6227097398, "type": "power", "name": "Unnamed Asset", "criticality_weight": 0.9}}, {"type": "Feature", "geometry": {"type": "Point", "coordinates": [85.8779061, 19.8356388]}, "properties": {"id": 6227097399, "type": "power", "name": "Unnamed Asset", "criticality_weight": 0.9}}, {"type": "Feature", "geometry": {"type": "Point", "coordinates": [85.879502, 19.8362821]}, "properties": {"id": 6227097400, "type": "power", "name": "Unnamed Asset", "criticality_weight": 0.9}}, {"type": "Feature", "geometry": {"type": "Point", "coordinates": [85.881342, 19.8370391]}, "properties": {"id": 6227097401, "type": "power", "name": "Unnamed Asset", "criticality_weight": 0.9}}, {"type": "Feature", "geometry": {"type": "Point", "coordinates": [85.8839089, 19.8375487]}, "properties": {"id": 6227097402, "type": "power", "name": "Unnamed Asset", "criticality_weight": 0.9}}, {"type": "Feature", "geometry": {"type": "Point", "coordinates": [85.8860573, 19.8380861]}, "properties": {"id": 6227097403, "type": "power", "name": "Unnamed Asset", "criticality_weight": 0.9}}, {"type": "Feature", "geometry": {"type": "Point", "coordinates": [85.8868647, 19.8377304]}, "properties": {"id": 6227097404, "type": "power", "name": "Unnamed Asset", "criticality_weight": 0.9}}, {"type": "Feature", "geometry": {"type": "Point", "coordinates": [85.8874789, 19.8362544]}, "properties": {"id": 6227097405, "type": "power", "name": "Unnamed Asset", "criticality_weight": 0.9}}, {"type": "Feature", "geometry": {"type": "Point", "coordinates": [85.8862665, 19.8353637]}, "properties": {"id": 6227097406, "type": "power", "name": "Unnamed Asset", "criticality_weight": 0.9}}, {"type": "Feature", "geometry": {"type": "Point", "coordinates": [85.8876049, 19.835886]}, "properties": {"id": 6227097407, "type": "power", "name": "Unnamed Asset", "criticality_weight": 0.9}}, {"type": "Feature", "geometry": {"type": "Point", "coordinates": [85.8886349, 19.8363225]}, "properties": {"id": 6227097408, "type": "power", "name": "Unnamed Asset", "criticality_weight": 0.9}}, {"type": "Feature", "geometry": {"type": "Point", "coordinates": [85.8910328, 19.837309]}, "properties": {"id": 6227097409, "type": "power", "name": "Unnamed Asset", "criticality_weight": 0.9}}, {"type": "Feature", "geometry": {"type": "Point", "coordinates": [85.8934388, 19.8382602]}, "properties": {"id": 6227097410, "type": "power", "name": "Unnamed Asset", "criticality_weight": 0.9}}, {"type": "Feature", "geometry": {"type": "Point", "coordinates": [85.8958635, 19.8392669]}, "properties": {"id": 6227097411, "type": "power", "name": "Unnamed Asset", "criticality_weight": 0.9}}, {"type": "Feature", "geometry": {"type": "Point", "coordinates": [85.8972689, 19.8408438]}, "properties": {"id": 6227097412, "type": "power", "name": "Unnamed Asset", "criticality_weight": 0.9}}, {"type": "Feature", "geometry": {"type": "Point", "coordinates": [85.8989856, 19.8428092]}, "properties": {"id": 6227097413, "type": "power", "name": "Unnamed Asset", "criticality_weight": 0.9}}, {"type": "Feature", "geometry": {"type": "Point", "coordinates": [85.9015739, 19.8440076]}, "properties": {"id": 6227097414, "type": "power", "name": "Unnamed Asset", "criticality_weight": 0.9}}, {"type": "Feature", "geometry": {"type": "Point", "coordinates": [85.9037223, 19.8449814]}, "properties": {"id": 6227097415, "type": "power", "name": "Unnamed Asset", "criticality_weight": 0.9}}, {"type": "Feature", "geometry": {"type": "Point", "coordinates": [85.9061122, 19.8460789]}, "properties": {"id": 6227097416, "type": "power", "name": "Unnamed Asset", "criticality_weight": 0.9}}, {"type": "Feature", "geometry": {"type": "Point", "coordinates": [85.9078503, 19.8478853]}, "properties": {"id": 6227097417, "type": "power", "name": "Unnamed Asset", "criticality_weight": 0.9}}, {"type": "Feature", "geometry": {"type": "Point", "coordinates": [85.909591, 19.8496664]}, "properties": {"id": 6227097418, "type": "power", "name": "Unnamed Asset", "criticality_weight": 0.9}}, {"type": "Feature", "geometry": {"type": "Point", "coordinates": [85.9116054, 19.8517074]}, "properties": {"id": 6227097419, "type": "power", "name": "Unnamed Asset", "criticality_weight": 0.9}}, {"type": "Feature", "geometry": {"type": "Point", "coordinates": [85.9134695, 19.8536474]}, "properties": {"id": 6227097420, "type": "power", "name": "Unnamed Asset", "criticality_weight": 0.9}}, {"type": "Feature", "geometry": {"type": "Point", "coordinates": [85.9149286, 19.8551535]}, "properties": {"id": 6227097421, "type": "power", "name": "Unnamed Asset", "criticality_weight": 0.9}}, {"type": "Feature", "geometry": {"type": "Point", "coordinates": [85.9166694, 19.856922]}, "properties": {"id": 6227097422, "type": "power", "name": "Unnamed Asset", "criticality_weight": 0.9}}, {"type": "Feature", "geometry": {"type": "Point", "coordinates": [85.9184906, 19.8587686]}, "properties": {"id": 6227097423, "type": "power", "name": "Unnamed Asset", "criticality_weight": 0.9}}, {"type": "Feature", "geometry": {"type": "Point", "coordinates": [85.9202501, 19.8605673]}, "properties": {"id": 6227097424, "type": "power", "name": "Unnamed Asset", "criticality_weight": 0.9}}, {"type": "Feature", "geometry": {"type": "Point", "coordinates": [85.9220579, 19.8623937]}, "properties": {"id": 6227097425, "type": "power", "name": "Unnamed Asset", "criticality_weight": 0.9}}, {"type": "Feature", "geometry": {"type": "Point", "coordinates": [85.9238389, 19.8642277]}, "properties": {"id": 6227097426, "type": "power", "name": "Unnamed Asset", "criticality_weight": 0.9}}, {"type": "Feature", "geometry": {"type": "Point", "coordinates": [85.9256226, 19.8660465]}, "properties": {"id": 6227097427, "type": "power", "name": "Unnamed Asset", "criticality_weight": 0.9}}, {"type": "Feature", "geometry": {"type": "Point", "coordinates": [85.9272131, 19.868009]}, "properties": {"id": 6227097428, "type": "power", "name": "Unnamed Asset", "criticality_weight": 0.9}}, {"type": "Feature", "geometry": {"type": "Point", "coordinates": [85.9287018, 19.8698757]}, "properties": {"id": 6227097429, "type": "power", "name": "Unnamed Asset", "criticality_weight": 0.9}}, {"type": "Feature", "geometry": {"type": "Point", "coordinates": [85.9305042, 19.8720703]}, "properties": {"id": 6227097430, "type": "power", "name": "Unnamed Asset", "criticality_weight": 0.9}}, {"type": "Feature", "geometry": {"type": "Point", "coordinates": [85.9321323, 19.8741084]}, "properties": {"id": 6227097431, "type": "power", "name": "Unnamed Asset", "criticality_weight": 0.9}}, {"type": "Feature", "geometry": {"type": "Point", "coordinates": [85.9335458, 19.8758817]}, "properties": {"id": 6227097432, "type": "power", "name": "Unnamed Asset", "criticality_weight": 0.9}}, {"type": "Feature", "geometry": {"type": "Point", "coordinates": [85.9352732, 19.8774936]}, "properties": {"id": 6227097433, "type": "power", "name": "Unnamed Asset", "criticality_weight": 0.9}}, {"type": "Feature", "geometry": {"type": "Point", "coordinates": [85.9364265, 19.8794736]}, "properties": {"id": 6227097434, "type": "power", "name": "Unnamed Asset", "criticality_weight": 0.9}}, {"type": "Feature", "geometry": {"type": "Point", "coordinates": [85.9376281, 19.881494]}, "properties": {"id": 6227097435, "type": "power", "name": "Unnamed Asset", "criticality_weight": 0.9}}, {"type": "Feature", "geometry": {"type": "Point", "coordinates": [85.9388727, 19.8835371]}, "properties": {"id": 6227097436, "type": "power", "name": "Unnamed Asset", "criticality_weight": 0.9}}, {"type": "Feature", "geometry": {"type": "Point", "coordinates": [85.940077, 19.8855701]}, "properties": {"id": 6227097437, "type": "power", "name": "Unnamed Asset", "criticality_weight": 0.9}}, {"type": "Feature", "geometry": {"type": "Point", "coordinates": [85.9413725, 19.8876308]}, "properties": {"id": 6227097438, "type": "power", "name": "Unnamed Asset", "criticality_weight": 0.9}}, {"type": "Feature", "geometry": {"type": "Point", "coordinates": [85.9426439, 19.8896889]}, "properties": {"id": 6227097439, "type": "power", "name": "Unnamed Asset", "criticality_weight": 0.9}}, {"type": "Feature", "geometry": {"type": "Point", "coordinates": [85.8325204, 19.8017351]}, "properties": {"id": 7051182992, "type": "healthcare", "name": "Swapu Care", "criticality_weight": 1.0}}, {"type": "Feature", "geometry": {"type": "Point", "coordinates": [85.8403464, 19.8146852]}, "properties": {"id": 7053747524, "type": "healthcare", "name": "Sanjeevani Hospital (Puri)", "criticality_weight": 1.0}}, {"type": "Feature", "geometry": {"type": "Point", "coordinates": [85.8441706, 20.1178472]}, "properties": {"id": 7062170709, "type": "healthcare", "name": "Usha Memorial Clinic", "criticality_weight": 1.0}}, {"type": "Feature", "geometry": {"type": "Point", "coordinates": [85.8299503, 19.8142712]}, "properties": {"id": 7078980391, "type": "healthcare", "name": "District Headquarter Hospital ,Puri", "criticality_weight": 1.0}}, {"type": "Feature", "geometry": {"type": "Point", "coordinates": [85.8352343, 19.8112056]}, "properties": {"id": 7079200342, "type": "healthcare", "name": "I.D.H, Puri", "criticality_weight": 1.0}}, {"type": "Feature", "geometry": {"type": "Point", "coordinates": [85.8295966, 19.8144032]}, "properties": {"id": 7079268126, "type": "healthcare", "name": "Government Hospital, Puri", "criticality_weight": 1.0}}, {"type": "Feature", "geometry": {"type": "Point", "coordinates": [85.8359869, 19.8050434]}, "properties": {"id": 7079268127, "type": "healthcare", "name": "K.D.M.M , Puri", "criticality_weight": 1.0}}, {"type": "Feature", "geometry": {"type": "Point", "coordinates": [85.8330401, 19.8076253]}, "properties": {"id": 7079268134, "type": "healthcare", "name": "Nilachal Nursing Home", "criticality_weight": 1.0}}, {"type": "Feature", "geometry": {"type": "Point", "coordinates": [86.1982286, 20.0010502]}, "properties": {"id": 7081686579, "type": "healthcare", "name": "Maa Mangala Clinic", "criticality_weight": 1.0}}, {"type": "Feature", "geometry": {"type": "Point", "coordinates": [86.2022254, 19.9958876]}, "properties": {"id": 7085481889, "type": "healthcare", "name": "Agadhu Kamala Hospital", "criticality_weight": 1.0}}, {"type": "Feature", "geometry": {"type": "Point", "coordinates": [86.012633, 19.9885317]}, "properties": {"id": 7087554830, "type": "healthcare", "name": "Seva Nursing Home, Puri", "criticality_weight": 1.0}}, {"type": "Feature", "geometry": {"type": "Point", "coordinates": [85.6961244, 20.0338086]}, "properties": {"id": 7206154691, "type": "healthcare", "name": "Government Hospital, Kalyanpur", "criticality_weight": 1.0}}, {"type": "Feature", "geometry": {"type": "Point", "coordinates": [86.1979512, 20.0015257]}, "properties": {"id": 7210863469, "type": "healthcare", "name": "Govt Hospital, Kakatpur", "criticality_weight": 1.0}}, {"type": "Feature", "geometry": {"type": "Point", "coordinates": [85.8185743, 19.8003005]}, "properties": {"id": 7210926185, "type": "healthcare", "name": "UPHC, Swargadwar", "criticality_weight": 1.0}}, {"type": "Feature", "geometry": {"type": "Point", "coordinates": [85.8304216, 19.8111378]}, "properties": {"id": 7210929853, "type": "healthcare", "name": "Arogyadham Clinic", "criticality_weight": 1.0}}, {"type": "Feature", "geometry": {"type": "Point", "coordinates": [85.70785, 19.9296622]}, "properties": {"id": 7211707604, "type": "healthcare", "name": "Government Hospital, Sukal", "criticality_weight": 1.0}}, {"type": "Feature", "geometry": {"type": "Point", "coordinates": [85.8501385, 19.8878382]}, "properties": {"id": 7212078646, "type": "healthcare", "name": "Government Hospital, Chalisbatia", "criticality_weight": 1.0}}, {"type": "Feature", "geometry": {"type": "Point", "coordinates": [85.8331548, 19.8003863]}, "properties": {"id": 7212185450, "type": "healthcare", "name": "Chandan Hazuri Paediatric Hospital", "criticality_weight": 1.0}}, {"type": "Feature", "geometry": {"type": "Point", "coordinates": [85.8343748, 20.108828]}, "properties": {"id": 7213903856, "type": "healthcare", "name": "Government Hospital, Pipli", "criticality_weight": 1.0}}, {"type": "Feature", "geometry": {"type": "Point", "coordinates": [85.7398669, 20.1482602]}, "properties": {"id": 7214144390, "type": "healthcare", "name": "Government Hospital, Harirajpur", "criticality_weight": 1.0}}, {"type": "Feature", "geometry": {"type": "Point", "coordinates": [85.8802047, 20.036074]}, "properties": {"id": 7214460888, "type": "healthcare", "name": "Govt.Hospital,Balanga", "criticality_weight": 1.0}}, {"type": "Feature", "geometry": {"type": "Point", "coordinates": [85.7525758, 20.0183174]}, "properties": {"id": 7218352860, "type": "healthcare", "name": "Government Hospital, Gualipada", "criticality_weight": 1.0}}, {"type": "Feature", "geometry": {"type": "Point", "coordinates": [85.2623418, 19.6322048]}, "properties": {"id": 7220727967, "type": "healthcare", "name": "Government hospital, Krushna Prasad", "criticality_weight": 1.0}}, {"type": "Feature", "geometry": {"type": "Point", "coordinates": [85.7239533, 19.9846936]}, "properties": {"id": 7227802953, "type": "healthcare", "name": "Government Hospital, Indipur", "criticality_weight": 1.0}}, {"type": "Feature", "geometry": {"type": "Point", "coordinates": [86.002713, 20.0564483]}, "properties": {"id": 7701568081, "type": "healthcare", "name": "JJS Physiotherapy Clinic", "criticality_weight": 1.0}}, {"type": "Feature", "geometry": {"type": "Point", "coordinates": [85.825702, 19.810904]}, "properties": {"id": 7701568083, "type": "healthcare", "name": "Patanjali Hospital", "criticality_weight": 1.0}}, {"type": "Feature", "geometry": {"type": "Point", "coordinates": [85.8256128, 19.8113176]}, "properties": {"id": 7701568088, "type": "healthcare", "name": "Sharada Nursing Home", "criticality_weight": 1.0}}, {"type": "Feature", "geometry": {"type": "Point", "coordinates": [85.834597, 19.8124944]}, "properties": {"id": 7701568091, "type": "healthcare", "name": "Kalara Hospital", "criticality_weight": 1.0}}, {"type": "Feature", "geometry": {"type": "Point", "coordinates": [85.8440193, 20.1182804]}, "properties": {"id": 7701568095, "type": "healthcare", "name": "Usha Memorial Clinic", "criticality_weight": 1.0}}, {"type": "Feature", "geometry": {"type": "Point", "coordinates": [85.8347967, 19.811861]}, "properties": {"id": 7701568096, "type": "healthcare", "name": "Girish Chandra Behra Clinic", "criticality_weight": 1.0}}, {"type": "Feature", "geometry": {"type": "Point", "coordinates": [86.2051932, 20.0013158]}, "properties": {"id": 7701568104, "type": "healthcare", "name": "Agadhu Kamala Hospital", "criticality_weight": 1.0}}, {"type": "Feature", "geometry": {"type": "Point", "coordinates": [85.8312458, 19.8120735]}, "properties": {"id": 7701568106, "type": "healthcare", "name": "Maa Harijana Seka Clinic", "criticality_weight": 1.0}}, {"type": "Feature", "geometry": {"type": "Point", "coordinates": [85.8241345, 19.8016875]}, "properties": {"id": 7701568110, "type": "healthcare", "name": "E-24 Hospital", "criticality_weight": 1.0}}, {"type": "Feature", "geometry": {"type": "Point", "coordinates": [85.8527662, 19.8247793]}, "properties": {"id": 7701568112, "type": "healthcare", "name": "Ramamani Multi Speciality Hospital", "criticality_weight": 1.0}}, {"type": "Feature", "geometry": {"type": "Point", "coordinates": [85.7416477, 19.8158082]}, "properties": {"id": 7701568113, "type": "healthcare", "name": "Samuka Hospital", "criticality_weight": 1.0}}, {"type": "Feature", "geometry": {"type": "Point", "coordinates": [85.9997049, 20.0634345]}, "properties": {"id": 7701568114, "type": "healthcare", "name": "Sanjeevini Homeopathy Clinic", "criticality_weight": 1.0}}, {"type": "Feature", "geometry": {"type": "Point", "coordinates": [85.862003, 19.8315158]}, "properties": {"id": 7701568115, "type": "healthcare", "name": "Mental Hospital", "criticality_weight": 1.0}}, {"type": "Feature", "geometry": {"type": "Point", "coordinates": [85.8405834, 19.8171894]}, "properties": {"id": 7701568120, "type": "healthcare", "name": "Gupta Clinic", "criticality_weight": 1.0}}, {"type": "Feature", "geometry": {"type": "Point", "coordinates": [86.1071828, 19.9278299]}, "properties": {"id": 7701568121, "type": "healthcare", "name": "Dr. Manoranjan Maharana Clinic", "criticality_weight": 1.0}}, {"type": "Feature", "geometry": {"type": "Point", "coordinates": [85.8326456, 20.1111184]}, "properties": {"id": 7701568122, "type": "healthcare", "name": "Central Hospital", "criticality_weight": 1.0}}, {"type": "Feature", "geometry": {"type": "Point", "coordinates": [85.8390402, 19.8205404]}, "properties": {"id": 7701568124, "type": "healthcare", "name": "Sri Krishna Clinic", "criticality_weight": 1.0}}, {"type": "Feature", "geometry": {"type": "Point", "coordinates": [86.1851444, 19.9506189]}, "properties": {"id": 7701568129, "type": "healthcare", "name": "Maa Managala Clinic", "criticality_weight": 1.0}}, {"type": "Feature", "geometry": {"type": "Point", "coordinates": [85.8319784, 19.8131671]}, "properties": {"id": 7701568130, "type": "healthcare", "name": "Sarala Pantholab", "criticality_weight": 1.0}}, {"type": "Feature", "geometry": {"type": "Point", "coordinates": [85.8413723, 19.8161689]}, "properties": {"id": 7701568135, "type": "healthcare", "name": "Sahoo Clinic", "criticality_weight": 1.0}}, {"type": "Feature", "geometry": {"type": "Point", "coordinates": [86.0008478, 20.0612904]}, "properties": {"id": 7701568139, "type": "healthcare", "name": "Anand Nursing Home", "criticality_weight": 1.0}}, {"type": "Feature", "geometry": {"type": "Point", "coordinates": [86.2248943, 19.9398528]}, "properties": {"id": 7701568141, "type": "healthcare", "name": "Ratnapur Hospital", "criticality_weight": 1.0}}, {"type": "Feature", "geometry": {"type": "Point", "coordinates": [86.153337, 19.9135656]}, "properties": {"id": 7701568142, "type": "healthcare", "name": "Dr. B.C Panda Clinic", "criticality_weight": 1.0}}, {"type": "Feature", "geometry": {"type": "Point", "coordinates": [85.9558946, 19.8587345]}, "properties": {"id": 7701568144, "type": "healthcare", "name": "Healthcare Centre", "criticality_weight": 1.0}}, {"type": "Feature", "geometry": {"type": "Point", "coordinates": [85.8405863, 19.8176939]}, "properties": {"id": 7701568148, "type": "healthcare", "name": "Sri Krishna Hospital", "criticality_weight": 1.0}}, {"type": "Feature", "geometry": {"type": "Point", "coordinates": [86.0098897, 20.0581321]}, "properties": {"id": 7701568152, "type": "healthcare", "name": "Homeo Clinic", "criticality_weight": 1.0}}, {"type": "Feature", "geometry": {"type": "Point", "coordinates": [86.0039806, 20.0558124]}, "properties": {"id": 7701568157, "type": "healthcare", "name": "Ayurvedic Clinic", "criticality_weight": 1.0}}, {"type": "Feature", "geometry": {"type": "Point", "coordinates": [86.0351581, 19.9615858]}, "properties": {"id": 7701568159, "type": "healthcare", "name": "Kanakalata Seva Sadan Ayush Clinic", "criticality_weight": 1.0}}, {"type": "Feature", "geometry": {"type": "Point", "coordinates": [85.8336932, 20.1061939]}, "properties": {"id": 7701568160, "type": "healthcare", "name": "Dr. Reyajat Ali Clinic", "criticality_weight": 1.0}}, {"type": "Feature", "geometry": {"type": "Point", "coordinates": [85.8307868, 19.8121172]}, "properties": {"id": 7701568161, "type": "healthcare", "name": "Apollo Hospital", "criticality_weight": 1.0}}, {"type": "Feature", "geometry": {"type": "Point", "coordinates": [85.842205, 19.812752]}, "properties": {"id": 7701568163, "type": "healthcare", "name": "Nandalaya Arogya Ashrama Clinic and Surgic Centre", "criticality_weight": 1.0}}, {"type": "Feature", "geometry": {"type": "Point", "coordinates": [85.840601, 19.817323]}, "properties": {"id": 7701568166, "type": "healthcare", "name": "Sai Saudamini Nursing Home", "criticality_weight": 1.0}}, {"type": "Feature", "geometry": {"type": "Point", "coordinates": [85.828647, 19.823713]}, "properties": {"id": 7701568168, "type": "healthcare", "name": "Keya Fertility and Test Tube Baby centre", "criticality_weight": 1.0}}, {"type": "Feature", "geometry": {"type": "Point", "coordinates": [85.829929, 19.811252]}, "properties": {"id": 7701568170, "type": "healthcare", "name": "Om Sai Eye Care Hospitals", "criticality_weight": 1.0}}, {"type": "Feature", "geometry": {"type": "Point", "coordinates": [85.8273623, 19.7966523]}, "properties": {"id": 8073270483, "type": "shelter", "name": "Unnamed Asset", "criticality_weight": 0.9}}, {"type": "Feature", "geometry": {"type": "Point", "coordinates": [86.1178493, 20.043081]}, "properties": {"id": 9916468125, "type": "power", "name": "Jogeswarpur Electric Substation", "criticality_weight": 0.9}}, {"type": "Feature", "geometry": {"type": "Point", "coordinates": [85.7271606, 20.1038333]}, "properties": {"id": 11221153019, "type": "power", "name": "Unnamed Asset", "criticality_weight": 0.9}}, {"type": "Feature", "geometry": {"type": "Point", "coordinates": [85.7254708, 20.1036192]}, "properties": {"id": 11221153020, "type": "power", "name": "Unnamed Asset", "criticality_weight": 0.9}}, {"type": "Feature", "geometry": {"type": "Point", "coordinates": [85.7224908, 20.1032338]}, "properties": {"id": 11221153021, "type": "power", "name": "Unnamed Asset", "criticality_weight": 0.9}}, {"type": "Feature", "geometry": {"type": "Point", "coordinates": [85.7198542, 20.1028812]}, "properties": {"id": 11221153022, "type": "power", "name": "Unnamed Asset", "criticality_weight": 0.9}}, {"type": "Feature", "geometry": {"type": "Point", "coordinates": [85.7172552, 20.1025134]}, "properties": {"id": 11221153023, "type": "power", "name": "Unnamed Asset", "criticality_weight": 0.9}}, {"type": "Feature", "geometry": {"type": "Point", "coordinates": [85.7144952, 20.1021306]}, "properties": {"id": 11221153024, "type": "power", "name": "Unnamed Asset", "criticality_weight": 0.9}}, {"type": "Feature", "geometry": {"type": "Point", "coordinates": [85.7119337, 20.1017729]}, "properties": {"id": 11221153025, "type": "power", "name": "Unnamed Asset", "criticality_weight": 0.9}}, {"type": "Feature", "geometry": {"type": "Point", "coordinates": [85.7090503, 20.1013699]}, "properties": {"id": 11221153026, "type": "power", "name": "Unnamed Asset", "criticality_weight": 0.9}}, {"type": "Feature", "geometry": {"type": "Point", "coordinates": [85.7065022, 20.1010022]}, "properties": {"id": 11221153027, "type": "power", "name": "Unnamed Asset", "criticality_weight": 0.9}}, {"type": "Feature", "geometry": {"type": "Point", "coordinates": [85.7032835, 20.1005689]}, "properties": {"id": 11221153028, "type": "power", "name": "Unnamed Asset", "criticality_weight": 0.9}}, {"type": "Feature", "geometry": {"type": "Point", "coordinates": [85.6994292, 20.0999594]}, "properties": {"id": 11221153029, "type": "power", "name": "Unnamed Asset", "criticality_weight": 0.9}}, {"type": "Feature", "geometry": {"type": "Point", "coordinates": [85.6961113, 20.0992692]}, "properties": {"id": 11221153030, "type": "power", "name": "Unnamed Asset", "criticality_weight": 0.9}}, {"type": "Feature", "geometry": {"type": "Point", "coordinates": [85.6932414, 20.0986773]}, "properties": {"id": 11221153031, "type": "power", "name": "Unnamed Asset", "criticality_weight": 0.9}}, {"type": "Feature", "geometry": {"type": "Point", "coordinates": [85.6904599, 20.0980828]}, "properties": {"id": 11221153032, "type": "power", "name": "Unnamed Asset", "criticality_weight": 0.9}}, {"type": "Feature", "geometry": {"type": "Point", "coordinates": [85.6876597, 20.0974883]}, "properties": {"id": 11221153033, "type": "power", "name": "Unnamed Asset", "criticality_weight": 0.9}}, {"type": "Feature", "geometry": {"type": "Point", "coordinates": [85.8402961, 20.1322351]}, "properties": {"id": 11221220501, "type": "power", "name": "Unnamed Asset", "criticality_weight": 0.9}}, {"type": "Feature", "geometry": {"type": "Point", "coordinates": [85.8384991, 20.1312378]}, "properties": {"id": 11221220502, "type": "power", "name": "Unnamed Asset", "criticality_weight": 0.9}}, {"type": "Feature", "geometry": {"type": "Point", "coordinates": [85.8361736, 20.1309532]}, "properties": {"id": 11221220503, "type": "power", "name": "Unnamed Asset", "criticality_weight": 0.9}}, {"type": "Feature", "geometry": {"type": "Point", "coordinates": [85.8330998, 20.130578]}, "properties": {"id": 11221220504, "type": "power", "name": "Unnamed Asset", "criticality_weight": 0.9}}, {"type": "Feature", "geometry": {"type": "Point", "coordinates": [85.8303907, 20.1302229]}, "properties": {"id": 11221220505, "type": "power", "name": "Unnamed Asset", "criticality_weight": 0.9}}, {"type": "Feature", "geometry": {"type": "Point", "coordinates": [85.8282852, 20.1296412]}, "properties": {"id": 11221220506, "type": "power", "name": "Unnamed Asset", "criticality_weight": 0.9}}, {"type": "Feature", "geometry": {"type": "Point", "coordinates": [85.8259758, 20.1290141]}, "properties": {"id": 11221220507, "type": "power", "name": "Unnamed Asset", "criticality_weight": 0.9}}, {"type": "Feature", "geometry": {"type": "Point", "coordinates": [85.8238301, 20.128455]}, "properties": {"id": 11221220508, "type": "power", "name": "Unnamed Asset", "criticality_weight": 0.9}}, {"type": "Feature", "geometry": {"type": "Point", "coordinates": [85.8212525, 20.1270875]}, "properties": {"id": 11221220509, "type": "power", "name": "Unnamed Asset", "criticality_weight": 0.9}}, {"type": "Feature", "geometry": {"type": "Point", "coordinates": [85.8187178, 20.125788]}, "properties": {"id": 11221220510, "type": "power", "name": "Unnamed Asset", "criticality_weight": 0.9}}, {"type": "Feature", "geometry": {"type": "Point", "coordinates": [85.8179265, 20.1232217]}, "properties": {"id": 11221220511, "type": "power", "name": "Unnamed Asset", "criticality_weight": 0.9}}, {"type": "Feature", "geometry": {"type": "Point", "coordinates": [85.8170897, 20.120605]}, "properties": {"id": 11221220512, "type": "power", "name": "Unnamed Asset", "criticality_weight": 0.9}}, {"type": "Feature", "geometry": {"type": "Point", "coordinates": [85.8164379, 20.1184416]}, "properties": {"id": 11221220513, "type": "power", "name": "Unnamed Asset", "criticality_weight": 0.9}}, {"type": "Feature", "geometry": {"type": "Point", "coordinates": [85.8155876, 20.1157719]}, "properties": {"id": 11221220514, "type": "power", "name": "Unnamed Asset", "criticality_weight": 0.9}}, {"type": "Feature", "geometry": {"type": "Point", "coordinates": [85.8143431, 20.1141776]}, "properties": {"id": 11221220515, "type": "power", "name": "Unnamed Asset", "criticality_weight": 0.9}}, {"type": "Feature", "geometry": {"type": "Point", "coordinates": [85.811905, 20.1132734]}, "properties": {"id": 11221220516, "type": "power", "name": "Unnamed Asset", "criticality_weight": 0.9}}, {"type": "Feature", "geometry": {"type": "Point", "coordinates": [85.8092067, 20.1122811]}, "properties": {"id": 11221220517, "type": "power", "name": "Unnamed Asset", "criticality_weight": 0.9}}, {"type": "Feature", "geometry": {"type": "Point", "coordinates": [85.8073506, 20.1125178]}, "properties": {"id": 11221220518, "type": "power", "name": "Unnamed Asset", "criticality_weight": 0.9}}, {"type": "Feature", "geometry": {"type": "Point", "coordinates": [85.8055133, 20.1127244]}, "properties": {"id": 11221220519, "type": "power", "name": "Unnamed Asset", "criticality_weight": 0.9}}, {"type": "Feature", "geometry": {"type": "Point", "coordinates": [85.8034828, 20.1142204]}, "properties": {"id": 11221220520, "type": "power", "name": "Unnamed Asset", "criticality_weight": 0.9}}, {"type": "Feature", "geometry": {"type": "Point", "coordinates": [85.8010796, 20.1159784]}, "properties": {"id": 11221220521, "type": "power", "name": "Unnamed Asset", "criticality_weight": 0.9}}, {"type": "Feature", "geometry": {"type": "Point", "coordinates": [85.7994354, 20.1172175]}, "properties": {"id": 11221220522, "type": "power", "name": "Unnamed Asset", "criticality_weight": 0.9}}, {"type": "Feature", "geometry": {"type": "Point", "coordinates": [85.7969463, 20.1176356]}, "properties": {"id": 11221220523, "type": "power", "name": "Unnamed Asset", "criticality_weight": 0.9}}, {"type": "Feature", "geometry": {"type": "Point", "coordinates": [85.7941756, 20.1181091]}, "properties": {"id": 11221220524, "type": "power", "name": "Unnamed Asset", "criticality_weight": 0.9}}, {"type": "Feature", "geometry": {"type": "Point", "coordinates": [85.7917428, 20.1185373]}, "properties": {"id": 11221220525, "type": "power", "name": "Unnamed Asset", "criticality_weight": 0.9}}, {"type": "Feature", "geometry": {"type": "Point", "coordinates": [85.7887575, 20.1190511]}, "properties": {"id": 11221220526, "type": "power", "name": "Unnamed Asset", "criticality_weight": 0.9}}, {"type": "Feature", "geometry": {"type": "Point", "coordinates": [85.7859492, 20.119522]}, "properties": {"id": 11221220527, "type": "power", "name": "Unnamed Asset", "criticality_weight": 0.9}}, {"type": "Feature", "geometry": {"type": "Point", "coordinates": [85.7837471, 20.1199275]}, "properties": {"id": 11221220528, "type": "power", "name": "Unnamed Asset", "criticality_weight": 0.9}}, {"type": "Feature", "geometry": {"type": "Point", "coordinates": [85.7811937, 20.1191996]}, "properties": {"id": 11221220529, "type": "power", "name": "Unnamed Asset", "criticality_weight": 0.9}}, {"type": "Feature", "geometry": {"type": "Point", "coordinates": [85.7787046, 20.1184592]}, "properties": {"id": 11221220530, "type": "power", "name": "Unnamed Asset", "criticality_weight": 0.9}}, {"type": "Feature", "geometry": {"type": "Point", "coordinates": [85.776481, 20.117822]}, "properties": {"id": 11221220531, "type": "power", "name": "Unnamed Asset", "criticality_weight": 0.9}}, {"type": "Feature", "geometry": {"type": "Point", "coordinates": [85.7739222, 20.1170513]}, "properties": {"id": 11221220532, "type": "power", "name": "Unnamed Asset", "criticality_weight": 0.9}}, {"type": "Feature", "geometry": {"type": "Point", "coordinates": [85.7713553, 20.1163134]}, "properties": {"id": 11221220533, "type": "power", "name": "Unnamed Asset", "criticality_weight": 0.9}}, {"type": "Feature", "geometry": {"type": "Point", "coordinates": [85.7685605, 20.115515]}, "properties": {"id": 11221220534, "type": "power", "name": "Unnamed Asset", "criticality_weight": 0.9}}, {"type": "Feature", "geometry": {"type": "Point", "coordinates": [85.7659802, 20.1147544]}, "properties": {"id": 11221220535, "type": "power", "name": "Unnamed Asset", "criticality_weight": 0.9}}, {"type": "Feature", "geometry": {"type": "Point", "coordinates": [85.7633972, 20.1140038]}, "properties": {"id": 11221220536, "type": "power", "name": "Unnamed Asset", "criticality_weight": 0.9}}, {"type": "Feature", "geometry": {"type": "Point", "coordinates": [85.8366564, 20.186016]}, "properties": {"id": 11221234512, "type": "power", "name": "Unnamed Asset", "criticality_weight": 0.9}}, {"type": "Feature", "geometry": {"type": "Point", "coordinates": [85.8390221, 20.1849222]}, "properties": {"id": 11221234513, "type": "power", "name": "Unnamed Asset", "criticality_weight": 0.9}}, {"type": "Feature", "geometry": {"type": "Point", "coordinates": [85.8413194, 20.183846]}, "properties": {"id": 11221234514, "type": "power", "name": "Unnamed Asset", "criticality_weight": 0.9}}, {"type": "Feature", "geometry": {"type": "Point", "coordinates": [85.8576702, 20.1855478]}, "properties": {"id": 11221234524, "type": "power", "name": "Unnamed Asset", "criticality_weight": 0.9}}, {"type": "Feature", "geometry": {"type": "Point", "coordinates": [85.8578472, 20.1881684]}, "properties": {"id": 11221234525, "type": "power", "name": "Unnamed Asset", "criticality_weight": 0.9}}, {"type": "Feature", "geometry": {"type": "Point", "coordinates": [85.8584681, 20.1901219]}, "properties": {"id": 11221234526, "type": "power", "name": "Unnamed Asset", "criticality_weight": 0.9}}, {"type": "Feature", "geometry": {"type": "Point", "coordinates": [85.8587967, 20.1920364]}, "properties": {"id": 11221234527, "type": "power", "name": "Unnamed Asset", "criticality_weight": 0.9}}, {"type": "Feature", "geometry": {"type": "Point", "coordinates": [85.8593439, 20.194044]}, "properties": {"id": 11221234528, "type": "power", "name": "Unnamed Asset", "criticality_weight": 0.9}}, {"type": "Feature", "geometry": {"type": "Point", "coordinates": [85.8611128, 20.1951831]}, "properties": {"id": 11221234529, "type": "power", "name": "Unnamed Asset", "criticality_weight": 0.9}}, {"type": "Feature", "geometry": {"type": "Point", "coordinates": [85.8726194, 20.1892346]}, "properties": {"id": 11221266571, "type": "power", "name": "Unnamed Asset", "criticality_weight": 0.9}}, {"type": "Feature", "geometry": {"type": "Point", "coordinates": [85.8725792, 20.1889526]}, "properties": {"id": 11221266572, "type": "power", "name": "Unnamed Asset", "criticality_weight": 0.9}}, {"type": "Feature", "geometry": {"type": "Point", "coordinates": [85.8729681, 20.1885574]}, "properties": {"id": 11221266573, "type": "power", "name": "Unnamed Asset", "criticality_weight": 0.9}}, {"type": "Feature", "geometry": {"type": "Point", "coordinates": [85.8759427, 20.1886128]}, "properties": {"id": 11221266574, "type": "power", "name": "Unnamed Asset", "criticality_weight": 0.9}}, {"type": "Feature", "geometry": {"type": "Point", "coordinates": [85.8780268, 20.1876486]}, "properties": {"id": 11221266575, "type": "power", "name": "Unnamed Asset", "criticality_weight": 0.9}}, {"type": "Feature", "geometry": {"type": "Point", "coordinates": [85.8801699, 20.1862489]}, "properties": {"id": 11221266576, "type": "power", "name": "Unnamed Asset", "criticality_weight": 0.9}}, {"type": "Feature", "geometry": {"type": "Point", "coordinates": [85.8824041, 20.1845697]}, "properties": {"id": 11221266577, "type": "power", "name": "Unnamed Asset", "criticality_weight": 0.9}}, {"type": "Feature", "geometry": {"type": "Point", "coordinates": [85.8824015, 20.183457]}, "properties": {"id": 11221266578, "type": "power", "name": "Unnamed Asset", "criticality_weight": 0.9}}, {"type": "Feature", "geometry": {"type": "Point", "coordinates": [85.8808163, 20.1808992]}, "properties": {"id": 11221266579, "type": "power", "name": "Unnamed Asset", "criticality_weight": 0.9}}, {"type": "Feature", "geometry": {"type": "Point", "coordinates": [85.8787698, 20.1788524]}, "properties": {"id": 11221266580, "type": "power", "name": "Unnamed Asset", "criticality_weight": 0.9}}, {"type": "Feature", "geometry": {"type": "Point", "coordinates": [85.8771953, 20.1765715]}, "properties": {"id": 11221266581, "type": "power", "name": "Unnamed Asset", "criticality_weight": 0.9}}, {"type": "Feature", "geometry": {"type": "Point", "coordinates": [85.8760607, 20.1765111]}, "properties": {"id": 11221266582, "type": "power", "name": "Unnamed Asset", "criticality_weight": 0.9}}, {"type": "Feature", "geometry": {"type": "Point", "coordinates": [85.8738747, 20.1753278]}, "properties": {"id": 11221266583, "type": "power", "name": "Unnamed Asset", "criticality_weight": 0.9}}, {"type": "Feature", "geometry": {"type": "Point", "coordinates": [85.8737835, 20.1736259]}, "properties": {"id": 11221266584, "type": "power", "name": "Unnamed Asset", "criticality_weight": 0.9}}, {"type": "Feature", "geometry": {"type": "Point", "coordinates": [85.8735931, 20.1712592]}, "properties": {"id": 11221266585, "type": "power", "name": "Unnamed Asset", "criticality_weight": 0.9}}, {"type": "Feature", "geometry": {"type": "Point", "coordinates": [85.8734, 20.1687969]}, "properties": {"id": 11221266586, "type": "power", "name": "Unnamed Asset", "criticality_weight": 0.9}}, {"type": "Feature", "geometry": {"type": "Point", "coordinates": [85.8731881, 20.1659544]}, "properties": {"id": 11221266587, "type": "power", "name": "Unnamed Asset", "criticality_weight": 0.9}}, {"type": "Feature", "geometry": {"type": "Point", "coordinates": [85.8729896, 20.1634164]}, "properties": {"id": 11221266588, "type": "power", "name": "Unnamed Asset", "criticality_weight": 0.9}}, {"type": "Feature", "geometry": {"type": "Point", "coordinates": [85.8728072, 20.1607878]}, "properties": {"id": 11221266589, "type": "power", "name": "Unnamed Asset", "criticality_weight": 0.9}}, {"type": "Feature", "geometry": {"type": "Point", "coordinates": [85.8725792, 20.1581515]}, "properties": {"id": 11221266590, "type": "power", "name": "Unnamed Asset", "criticality_weight": 0.9}}, {"type": "Feature", "geometry": {"type": "Point", "coordinates": [85.8724236, 20.1558099]}, "properties": {"id": 11221266591, "type": "power", "name": "Unnamed Asset", "criticality_weight": 0.9}}, {"type": "Feature", "geometry": {"type": "Point", "coordinates": [85.8722171, 20.1534027]}, "properties": {"id": 11221266592, "type": "power", "name": "Unnamed Asset", "criticality_weight": 0.9}}, {"type": "Feature", "geometry": {"type": "Point", "coordinates": [85.872024, 20.1509325]}, "properties": {"id": 11221266593, "type": "power", "name": "Unnamed Asset", "criticality_weight": 0.9}}, {"type": "Feature", "geometry": {"type": "Point", "coordinates": [85.8718362, 20.1484976]}, "properties": {"id": 11221266594, "type": "power", "name": "Unnamed Asset", "criticality_weight": 0.9}}, {"type": "Feature", "geometry": {"type": "Point", "coordinates": [85.8716324, 20.145841]}, "properties": {"id": 11221266595, "type": "power", "name": "Unnamed Asset", "criticality_weight": 0.9}}, {"type": "Feature", "geometry": {"type": "Point", "coordinates": [85.8687276, 20.1442218]}, "properties": {"id": 11221266596, "type": "power", "name": "Unnamed Asset", "criticality_weight": 0.9}}, {"type": "Feature", "geometry": {"type": "Point", "coordinates": [85.8658791, 20.1453147]}, "properties": {"id": 11221266597, "type": "power", "name": "Unnamed Asset", "criticality_weight": 0.9}}, {"type": "Feature", "geometry": {"type": "Point", "coordinates": [85.8640256, 20.1441312]}, "properties": {"id": 11221266598, "type": "power", "name": "Unnamed Asset", "criticality_weight": 0.9}}, {"type": "Feature", "geometry": {"type": "Point", "coordinates": [85.86236, 20.1430433]}, "properties": {"id": 11221266599, "type": "power", "name": "Unnamed Asset", "criticality_weight": 0.9}}, {"type": "Feature", "geometry": {"type": "Point", "coordinates": [85.8614078, 20.1410439]}, "properties": {"id": 11221266600, "type": "power", "name": "Unnamed Asset", "criticality_weight": 0.9}}, {"type": "Feature", "geometry": {"type": "Point", "coordinates": [85.8592379, 20.1392258]}, "properties": {"id": 11221266601, "type": "power", "name": "Unnamed Asset", "criticality_weight": 0.9}}, {"type": "Feature", "geometry": {"type": "Point", "coordinates": [85.8573577, 20.1379616]}, "properties": {"id": 11221266602, "type": "power", "name": "Unnamed Asset", "criticality_weight": 0.9}}, {"type": "Feature", "geometry": {"type": "Point", "coordinates": [85.8554721, 20.136705]}, "properties": {"id": 11221266603, "type": "power", "name": "Unnamed Asset", "criticality_weight": 0.9}}, {"type": "Feature", "geometry": {"type": "Point", "coordinates": [85.852527, 20.1357002]}, "properties": {"id": 11221266604, "type": "power", "name": "Unnamed Asset", "criticality_weight": 0.9}}, {"type": "Feature", "geometry": {"type": "Point", "coordinates": [85.8513093, 20.1352998]}, "properties": {"id": 11221266605, "type": "power", "name": "Unnamed Asset", "criticality_weight": 0.9}}, {"type": "Feature", "geometry": {"type": "Point", "coordinates": [85.8491635, 20.135189]}, "properties": {"id": 11221266606, "type": "power", "name": "Unnamed Asset", "criticality_weight": 0.9}}, {"type": "Feature", "geometry": {"type": "Point", "coordinates": [85.8469105, 20.1350682]}, "properties": {"id": 11221266607, "type": "power", "name": "Unnamed Asset", "criticality_weight": 0.9}}, {"type": "Feature", "geometry": {"type": "Point", "coordinates": [85.8444563, 20.1349322]}, "properties": {"id": 11221266608, "type": "power", "name": "Unnamed Asset", "criticality_weight": 0.9}}, {"type": "Feature", "geometry": {"type": "Point", "coordinates": [85.8423829, 20.1335899]}, "properties": {"id": 11221266609, "type": "power", "name": "Unnamed Asset", "criticality_weight": 0.9}}, {"type": "Feature", "geometry": {"type": "Point", "coordinates": [85.7606828, 20.1134623]}, "properties": {"id": 11221266837, "type": "power", "name": "Unnamed Asset", "criticality_weight": 0.9}}, {"type": "Feature", "geometry": {"type": "Point", "coordinates": [85.7580221, 20.1129107]}, "properties": {"id": 11221266838, "type": "power", "name": "Unnamed Asset", "criticality_weight": 0.9}}, {"type": "Feature", "geometry": {"type": "Point", "coordinates": [85.7553157, 20.1123617]}, "properties": {"id": 11221266839, "type": "power", "name": "Unnamed Asset", "criticality_weight": 0.9}}, {"type": "Feature", "geometry": {"type": "Point", "coordinates": [85.7530171, 20.1119133]}, "properties": {"id": 11221266840, "type": "power", "name": "Unnamed Asset", "criticality_weight": 0.9}}, {"type": "Feature", "geometry": {"type": "Point", "coordinates": [85.7501927, 20.1113391]}, "properties": {"id": 11221266841, "type": "power", "name": "Unnamed Asset", "criticality_weight": 0.9}}, {"type": "Feature", "geometry": {"type": "Point", "coordinates": [85.7476553, 20.1108328]}, "properties": {"id": 11221266842, "type": "power", "name": "Unnamed Asset", "criticality_weight": 0.9}}, {"type": "Feature", "geometry": {"type": "Point", "coordinates": [85.7459977, 20.1089589]}, "properties": {"id": 11221266843, "type": "power", "name": "Unnamed Asset", "criticality_weight": 0.9}}, {"type": "Feature", "geometry": {"type": "Point", "coordinates": [85.7442382, 20.1074956]}, "properties": {"id": 11221266844, "type": "power", "name": "Unnamed Asset", "criticality_weight": 0.9}}, {"type": "Feature", "geometry": {"type": "Point", "coordinates": [85.7424384, 20.1059591]}, "properties": {"id": 11221266845, "type": "power", "name": "Unnamed Asset", "criticality_weight": 0.9}}, {"type": "Feature", "geometry": {"type": "Point", "coordinates": [85.7402498, 20.1040801]}, "properties": {"id": 11221266846, "type": "power", "name": "Unnamed Asset", "criticality_weight": 0.9}}, {"type": "Feature", "geometry": {"type": "Point", "coordinates": [85.7375193, 20.1040424]}, "properties": {"id": 11221266847, "type": "power", "name": "Unnamed Asset", "criticality_weight": 0.9}}, {"type": "Feature", "geometry": {"type": "Point", "coordinates": [85.7346037, 20.1039844]}, "properties": {"id": 11221266848, "type": "power", "name": "Unnamed Asset", "criticality_weight": 0.9}}, {"type": "Feature", "geometry": {"type": "Point", "coordinates": [85.7322246, 20.103929]}, "properties": {"id": 11221266849, "type": "power", "name": "Unnamed Asset", "criticality_weight": 0.9}}, {"type": "Feature", "geometry": {"type": "Point", "coordinates": [85.7295799, 20.1038912]}, "properties": {"id": 11221266850, "type": "power", "name": "Unnamed Asset", "criticality_weight": 0.9}}, {"type": "Feature", "geometry": {"type": "Point", "coordinates": [86.0847902, 20.0589232]}, "properties": {"id": 11586111228, "type": "healthcare", "name": "Charichhaka CHC", "criticality_weight": 1.0}}, {"type": "Feature", "geometry": {"type": "Point", "coordinates": [86.1448704, 20.0277765]}, "properties": {"id": 11586782023, "type": "healthcare", "name": "Nayahat CHC", "criticality_weight": 1.0}}, {"type": "Feature", "geometry": {"type": "Point", "coordinates": [86.1961902, 20.0015273]}, "properties": {"id": 11749402754, "type": "healthcare", "name": "Shree Sai Hospital", "criticality_weight": 1.0}}, {"type": "Feature", "geometry": {"type": "Point", "coordinates": [85.9992787, 20.024658]}, "properties": {"id": 12141760211, "type": "power", "name": "Unnamed Asset", "criticality_weight": 0.9}}, {"type": "Feature", "geometry": {"type": "Point", "coordinates": [86.0059816, 20.0259659]}, "properties": {"id": 12141760212, "type": "power", "name": "Unnamed Asset", "criticality_weight": 0.9}}, {"type": "Feature", "geometry": {"type": "Point", "coordinates": [86.0061398, 20.02554]}, "properties": {"id": 12141760213, "type": "power", "name": "Unnamed Asset", "criticality_weight": 0.9}}, {"type": "Feature", "geometry": {"type": "Point", "coordinates": [86.0060459, 20.0257391]}, "properties": {"id": 12141760214, "type": "power", "name": "Unnamed Asset", "criticality_weight": 0.9}}, {"type": "Feature", "geometry": {"type": "Point", "coordinates": [86.0020199, 20.0247512]}, "properties": {"id": 12141760215, "type": "power", "name": "Unnamed Asset", "criticality_weight": 0.9}}, {"type": "Feature", "geometry": {"type": "Point", "coordinates": [86.004611, 20.0252653]}, "properties": {"id": 12141760216, "type": "power", "name": "Unnamed Asset", "criticality_weight": 0.9}}, {"type": "Feature", "geometry": {"type": "Point", "coordinates": [85.8564672, 20.0035183]}, "properties": {"id": 13458726416, "type": "power", "name": "Unnamed Asset", "criticality_weight": 0.9}}, {"type": "Feature", "geometry": {"type": "Point", "coordinates": [85.859077, 20.0053456]}, "properties": {"id": 13458726417, "type": "power", "name": "Unnamed Asset", "criticality_weight": 0.9}}, {"type": "Feature", "geometry": {"type": "Point", "coordinates": [85.8608338, 20.0072207]}, "properties": {"id": 13458726418, "type": "power", "name": "Unnamed Asset", "criticality_weight": 0.9}}, {"type": "Feature", "geometry": {"type": "Point", "coordinates": [85.8624619, 20.0090505]}, "properties": {"id": 13458726419, "type": "power", "name": "Unnamed Asset", "criticality_weight": 0.9}}, {"type": "Feature", "geometry": {"type": "Point", "coordinates": [85.8642134, 20.0107441]}, "properties": {"id": 13458726420, "type": "power", "name": "Unnamed Asset", "criticality_weight": 0.9}}, {"type": "Feature", "geometry": {"type": "Point", "coordinates": [85.8641759, 20.0132644]}, "properties": {"id": 13458726421, "type": "power", "name": "Unnamed Asset", "criticality_weight": 0.9}}, {"type": "Feature", "geometry": {"type": "Point", "coordinates": [85.8642107, 20.0150512]}, "properties": {"id": 13458726422, "type": "power", "name": "Unnamed Asset", "criticality_weight": 0.9}}, {"type": "Feature", "geometry": {"type": "Point", "coordinates": [85.8642322, 20.0174]}, "properties": {"id": 13458726423, "type": "power", "name": "Unnamed Asset", "criticality_weight": 0.9}}, {"type": "Feature", "geometry": {"type": "Point", "coordinates": [85.8642456, 20.0194313]}, "properties": {"id": 13458726424, "type": "power", "name": "Unnamed Asset", "criticality_weight": 0.9}}, {"type": "Feature", "geometry": {"type": "Point", "coordinates": [85.8629045, 20.0212332]}, "properties": {"id": 13458726425, "type": "power", "name": "Unnamed Asset", "criticality_weight": 0.9}}, {"type": "Feature", "geometry": {"type": "Point", "coordinates": [85.8615339, 20.023156]}, "properties": {"id": 13458726426, "type": "power", "name": "Unnamed Asset", "criticality_weight": 0.9}}, {"type": "Feature", "geometry": {"type": "Point", "coordinates": [85.8596456, 20.0242648]}, "properties": {"id": 13458726427, "type": "power", "name": "Unnamed Asset", "criticality_weight": 0.9}}, {"type": "Feature", "geometry": {"type": "Point", "coordinates": [85.8592379, 20.0270192]}, "properties": {"id": 13458726428, "type": "power", "name": "Unnamed Asset", "criticality_weight": 0.9}}, {"type": "Feature", "geometry": {"type": "Point", "coordinates": [85.8584654, 20.0291814]}, "properties": {"id": 13458726429, "type": "power", "name": "Unnamed Asset", "criticality_weight": 0.9}}, {"type": "Feature", "geometry": {"type": "Point", "coordinates": [85.8574998, 20.0317366]}, "properties": {"id": 13458726430, "type": "power", "name": "Unnamed Asset", "criticality_weight": 0.9}}, {"type": "Feature", "geometry": {"type": "Point", "coordinates": [85.856604, 20.0341684]}, "properties": {"id": 13458726431, "type": "power", "name": "Unnamed Asset", "criticality_weight": 0.9}}, {"type": "Feature", "geometry": {"type": "Point", "coordinates": [85.8555204, 20.0363279]}, "properties": {"id": 13458726432, "type": "power", "name": "Unnamed Asset", "criticality_weight": 0.9}}, {"type": "Feature", "geometry": {"type": "Point", "coordinates": [85.8545655, 20.0382052]}, "properties": {"id": 13458726433, "type": "power", "name": "Unnamed Asset", "criticality_weight": 0.9}}, {"type": "Feature", "geometry": {"type": "Point", "coordinates": [85.8538118, 20.040468]}, "properties": {"id": 13458726434, "type": "power", "name": "Unnamed Asset", "criticality_weight": 0.9}}, {"type": "Feature", "geometry": {"type": "Point", "coordinates": [85.851886, 20.0414205]}, "properties": {"id": 13458726435, "type": "power", "name": "Unnamed Asset", "criticality_weight": 0.9}}, {"type": "Feature", "geometry": {"type": "Point", "coordinates": [85.8495659, 20.0425745]}, "properties": {"id": 13458726436, "type": "power", "name": "Unnamed Asset", "criticality_weight": 0.9}}, {"type": "Feature", "geometry": {"type": "Point", "coordinates": [85.8447057, 20.0450036]}, "properties": {"id": 13458726437, "type": "power", "name": "Unnamed Asset", "criticality_weight": 0.9}}, {"type": "Feature", "geometry": {"type": "Point", "coordinates": [85.8470687, 20.0438143]}, "properties": {"id": 13458726438, "type": "power", "name": "Unnamed Asset", "criticality_weight": 0.9}}, {"type": "Feature", "geometry": {"type": "Point", "coordinates": [85.8421174, 20.0463415]}, "properties": {"id": 13458726439, "type": "power", "name": "Unnamed Asset", "criticality_weight": 0.9}}, {"type": "Feature", "geometry": {"type": "Point", "coordinates": [85.8401057, 20.0460997]}, "properties": {"id": 13458726440, "type": "power", "name": "Unnamed Asset", "criticality_weight": 0.9}}, {"type": "Feature", "geometry": {"type": "Point", "coordinates": [85.8383274, 20.0454823]}, "properties": {"id": 13458726441, "type": "power", "name": "Unnamed Asset", "criticality_weight": 0.9}}, {"type": "Feature", "geometry": {"type": "Point", "coordinates": [85.8375335, 20.0451648]}, "properties": {"id": 13458726442, "type": "power", "name": "Unnamed Asset", "criticality_weight": 0.9}}, {"type": "Feature", "geometry": {"type": "Point", "coordinates": [85.799043, 19.7870674]}, "properties": {"id": 40014295, "type": "arterial_road", "name": "Marine Drive Road", "criticality_weight": 0.6}}, {"type": "Feature", "geometry": {"type": "Point", "coordinates": [85.8526873, 19.8128842]}, "properties": {"id": 40014593, "type": "arterial_road", "name": "Chakra Tirtha Road", "criticality_weight": 0.6}}, {"type": "Feature", "geometry": {"type": "Point", "coordinates": [85.8266095, 19.8102581]}, "properties": {"id": 40014603, "type": "arterial_road", "name": "Grand Road", "criticality_weight": 0.6}}, {"type": "Feature", "geometry": {"type": "Point", "coordinates": [85.8492738, 20.1629446]}, "properties": {"id": 40017365, "type": "arterial_road", "name": "Bhubaneswar Puri Highway", "criticality_weight": 0.6}}, {"type": "Feature", "geometry": {"type": "Point", "coordinates": [86.0232571, 19.8570276]}, "properties": {"id": 40017536, "type": "arterial_road", "name": "Unnamed Asset", "criticality_weight": 0.6}}, {"type": "Feature", "geometry": {"type": "Point", "coordinates": [85.8309245, 20.1155778]}, "properties": {"id": 40019130, "type": "arterial_road", "name": "Unnamed Asset", "criticality_weight": 0.6}}, {"type": "Feature", "geometry": {"type": "Point", "coordinates": [85.7651516, 20.1677005]}, "properties": {"id": 44948616, "type": "arterial_road", "name": "Jatni - Sundarpada Road", "criticality_weight": 0.6}}, {"type": "Feature", "geometry": {"type": "Point", "coordinates": [85.8363765, 19.8197371]}, "properties": {"id": 44949317, "type": "arterial_road", "name": "Nabakalebar Road", "criticality_weight": 0.6}}, {"type": "Feature", "geometry": {"type": "Point", "coordinates": [85.8486601, 20.153928]}, "properties": {"id": 44949318, "type": "arterial_road", "name": "Bhubaneswar Puri Highway", "criticality_weight": 0.6}}, {"type": "Feature", "geometry": {"type": "Point", "coordinates": [86.0070252, 19.8540087]}, "properties": {"id": 45009513, "type": "arterial_road", "name": "Unnamed Asset", "criticality_weight": 0.6}}, {"type": "Feature", "geometry": {"type": "Point", "coordinates": [85.9011719, 19.8415069]}, "properties": {"id": 45009514, "type": "arterial_road", "name": "Unnamed Asset", "criticality_weight": 0.6}}, {"type": "Feature", "geometry": {"type": "Point", "coordinates": [85.9199744, 19.8506965]}, "properties": {"id": 45009515, "type": "arterial_road", "name": "Unnamed Asset", "criticality_weight": 0.6}}, {"type": "Feature", "geometry": {"type": "Point", "coordinates": [85.8585548, 20.1847826]}, "properties": {"id": 45009582, "type": "arterial_road", "name": "Lewis Road", "criticality_weight": 0.6}}, {"type": "Feature", "geometry": {"type": "Point", "coordinates": [85.8595376, 20.1945491]}, "properties": {"id": 45009583, "type": "arterial_road", "name": "Lewis Road", "criticality_weight": 0.6}}, {"type": "Feature", "geometry": {"type": "Point", "coordinates": [85.860919, 20.1999132]}, "properties": {"id": 45009649, "type": "arterial_road", "name": "Unnamed Asset", "criticality_weight": 0.6}}, {"type": "Feature", "geometry": {"type": "Point", "coordinates": [85.8345056, 19.814666]}, "properties": {"id": 64737404, "type": "arterial_road", "name": "Unnamed Asset", "criticality_weight": 0.6}}, {"type": "Feature", "geometry": {"type": "Point", "coordinates": [85.3624071, 19.6490654]}, "properties": {"id": 86133547, "type": "arterial_road", "name": "Unnamed Asset", "criticality_weight": 0.6}}, {"type": "Feature", "geometry": {"type": "Point", "coordinates": [85.2810511, 19.6320927]}, "properties": {"id": 86133549, "type": "arterial_road", "name": "Unnamed Asset", "criticality_weight": 0.6}}, {"type": "Feature", "geometry": {"type": "Point", "coordinates": [85.2320911, 19.5360291]}, "properties": {"id": 86133552, "type": "arterial_road", "name": "Unnamed Asset", "criticality_weight": 0.6}}, {"type": "Feature", "geometry": {"type": "Point", "coordinates": [86.0111698, 20.0228852]}, "properties": {"id": 86162280, "type": "arterial_road", "name": "Unnamed Asset", "criticality_weight": 0.6}}, {"type": "Feature", "geometry": {"type": "Point", "coordinates": [85.8189292, 19.7994572]}, "properties": {"id": 90630323, "type": "arterial_road", "name": "Unnamed Asset", "criticality_weight": 0.6}}, {"type": "Feature", "geometry": {"type": "Point", "coordinates": [85.8296522, 19.8031796]}, "properties": {"id": 90630326, "type": "arterial_road", "name": "Unnamed Asset", "criticality_weight": 0.6}}, {"type": "Feature", "geometry": {"type": "Point", "coordinates": [85.8455421, 19.8085143]}, "properties": {"id": 90630332, "type": "arterial_road", "name": "Unnamed Asset", "criticality_weight": 0.6}}, {"type": "Feature", "geometry": {"type": "Point", "coordinates": [85.8390152, 19.8117267]}, "properties": {"id": 90630333, "type": "arterial_road", "name": "Unnamed Asset", "criticality_weight": 0.6}}, {"type": "Feature", "geometry": {"type": "Point", "coordinates": [85.8227083, 19.8029005]}, "properties": {"id": 90630338, "type": "arterial_road", "name": "Kutcheri Road", "criticality_weight": 0.6}}, {"type": "Feature", "geometry": {"type": "Point", "coordinates": [85.8184703, 19.7944664]}, "properties": {"id": 90630339, "type": "arterial_road", "name": "Unnamed Asset", "criticality_weight": 0.6}}, {"type": "Feature", "geometry": {"type": "Point", "coordinates": [85.838224, 19.8038335]}, "properties": {"id": 90630341, "type": "arterial_road", "name": "Red Cross Road", "criticality_weight": 0.6}}, {"type": "Feature", "geometry": {"type": "Point", "coordinates": [85.8349464, 19.805213]}, "properties": {"id": 90630345, "type": "arterial_road", "name": "Station Road", "criticality_weight": 0.6}}, {"type": "Feature", "geometry": {"type": "Point", "coordinates": [85.8347461, 19.8081243]}, "properties": {"id": 90630347, "type": "arterial_road", "name": "Unnamed Asset", "criticality_weight": 0.6}}, {"type": "Feature", "geometry": {"type": "Point", "coordinates": [85.8068905, 19.7973484]}, "properties": {"id": 90630349, "type": "arterial_road", "name": "Unnamed Asset", "criticality_weight": 0.6}}, {"type": "Feature", "geometry": {"type": "Point", "coordinates": [85.8352001, 19.811383]}, "properties": {"id": 90630354, "type": "arterial_road", "name": "Unnamed Asset", "criticality_weight": 0.6}}, {"type": "Feature", "geometry": {"type": "Point", "coordinates": [85.8430683, 19.8061987]}, "properties": {"id": 90630355, "type": "arterial_road", "name": "Unnamed Asset", "criticality_weight": 0.6}}, {"type": "Feature", "geometry": {"type": "Point", "coordinates": [85.8445406, 19.8209334]}, "properties": {"id": 90630367, "type": "arterial_road", "name": "Unnamed Asset", "criticality_weight": 0.6}}, {"type": "Feature", "geometry": {"type": "Point", "coordinates": [85.8368693, 19.8070886]}, "properties": {"id": 90630374, "type": "arterial_road", "name": "Unnamed Asset", "criticality_weight": 0.6}}, {"type": "Feature", "geometry": {"type": "Point", "coordinates": [85.8318332, 19.8000854]}, "properties": {"id": 90630376, "type": "arterial_road", "name": "VIP Road", "criticality_weight": 0.6}}, {"type": "Feature", "geometry": {"type": "Point", "coordinates": [85.8287948, 19.8161123]}, "properties": {"id": 90633265, "type": "arterial_road", "name": "Bhubaneswar Puri Highway", "criticality_weight": 0.6}}, {"type": "Feature", "geometry": {"type": "Point", "coordinates": [85.7065051, 19.8034958]}, "properties": {"id": 90633281, "type": "arterial_road", "name": "Unnamed Asset", "criticality_weight": 0.6}}, {"type": "Feature", "geometry": {"type": "Point", "coordinates": [85.775542, 19.8145248]}, "properties": {"id": 111810115, "type": "arterial_road", "name": "Unnamed Asset", "criticality_weight": 0.6}}, {"type": "Feature", "geometry": {"type": "Point", "coordinates": [85.8069293, 19.8139163]}, "properties": {"id": 111810116, "type": "arterial_road", "name": "Unnamed Asset", "criticality_weight": 0.6}}, {"type": "Feature", "geometry": {"type": "Point", "coordinates": [85.7970934, 19.7882919]}, "properties": {"id": 150338459, "type": "arterial_road", "name": "Unnamed Asset", "criticality_weight": 0.6}}, {"type": "Feature", "geometry": {"type": "Point", "coordinates": [86.1871784, 19.9580758]}, "properties": {"id": 168246339, "type": "arterial_road", "name": "Unnamed Asset", "criticality_weight": 0.6}}, {"type": "Feature", "geometry": {"type": "Point", "coordinates": [86.1253184, 19.9000677]}, "properties": {"id": 168246340, "type": "arterial_road", "name": "Unnamed Asset", "criticality_weight": 0.6}}, {"type": "Feature", "geometry": {"type": "Point", "coordinates": [86.0855053, 19.8943853]}, "properties": {"id": 168251693, "type": "arterial_road", "name": "Unnamed Asset", "criticality_weight": 0.6}}, {"type": "Feature", "geometry": {"type": "Point", "coordinates": [86.0023422, 19.9275109]}, "properties": {"id": 168251694, "type": "arterial_road", "name": "Gop - Balighai Road", "criticality_weight": 0.6}}, {"type": "Feature", "geometry": {"type": "Point", "coordinates": [86.0134062, 19.9428272]}, "properties": {"id": 168251695, "type": "arterial_road", "name": "Gop - Balighai Road", "criticality_weight": 0.6}}, {"type": "Feature", "geometry": {"type": "Point", "coordinates": [86.0080382, 19.934736]}, "properties": {"id": 168251696, "type": "arterial_road", "name": "Gop - Balighai Road", "criticality_weight": 0.6}}, {"type": "Feature", "geometry": {"type": "Point", "coordinates": [86.0145678, 19.9604895]}, "properties": {"id": 168251697, "type": "arterial_road", "name": "Gop - Balighai Road", "criticality_weight": 0.6}}, {"type": "Feature", "geometry": {"type": "Point", "coordinates": [85.6182036, 20.1430764]}, "properties": {"id": 201428226, "type": "power", "name": "Unnamed Asset", "criticality_weight": 0.9}}, {"type": "Feature", "geometry": {"type": "Point", "coordinates": [85.7305166, 20.0041311]}, "properties": {"id": 201428228, "type": "power", "name": "Unnamed Asset", "criticality_weight": 0.9}}, {"type": "Feature", "geometry": {"type": "Point", "coordinates": [85.8367418, 19.8368712]}, "properties": {"id": 219113471, "type": "arterial_road", "name": "Bhubaneswar Puri Highway", "criticality_weight": 0.6}}, {"type": "Feature", "geometry": {"type": "Point", "coordinates": [85.8524064, 19.8241246]}, "properties": {"id": 219113472, "type": "arterial_road", "name": "Unnamed Asset", "criticality_weight": 0.6}}, {"type": "Feature", "geometry": {"type": "Point", "coordinates": [85.8966771, 19.8398536]}, "properties": {"id": 219113473, "type": "arterial_road", "name": "Unnamed Asset", "criticality_weight": 0.6}}, {"type": "Feature", "geometry": {"type": "Point", "coordinates": [85.8990975, 19.8407515]}, "properties": {"id": 219113474, "type": "arterial_road", "name": "Unnamed Asset", "criticality_weight": 0.6}}, {"type": "Feature", "geometry": {"type": "Point", "coordinates": [85.8237842, 19.989857]}, "properties": {"id": 219116688, "type": "arterial_road", "name": "Bhubaneswar Puri Highway", "criticality_weight": 0.6}}, {"type": "Feature", "geometry": {"type": "Point", "coordinates": [85.8378752, 20.1247543]}, "properties": {"id": 219116692, "type": "arterial_road", "name": "Unnamed Asset", "criticality_weight": 0.6}}, {"type": "Feature", "geometry": {"type": "Point", "coordinates": [85.8220758, 19.9971112]}, "properties": {"id": 219116699, "type": "arterial_road", "name": "Bhubaneswar Puri Highway", "criticality_weight": 0.6}}, {"type": "Feature", "geometry": {"type": "Point", "coordinates": [85.8253686, 19.9506869]}, "properties": {"id": 219116700, "type": "arterial_road", "name": "Bhubaneswar Puri Highway", "criticality_weight": 0.6}}, {"type": "Feature", "geometry": {"type": "Point", "coordinates": [85.8249548, 19.9837422]}, "properties": {"id": 219116701, "type": "arterial_road", "name": "Bhubaneswar Puri Highway", "criticality_weight": 0.6}}, {"type": "Feature", "geometry": {"type": "Point", "coordinates": [85.83881, 20.1295098]}, "properties": {"id": 219116702, "type": "arterial_road", "name": "Unnamed Asset", "criticality_weight": 0.6}}, {"type": "Feature", "geometry": {"type": "Point", "coordinates": [85.8225747, 19.9960036]}, "properties": {"id": 219116705, "type": "arterial_road", "name": "Bhubaneswar Puri Highway", "criticality_weight": 0.6}}, {"type": "Feature", "geometry": {"type": "Point", "coordinates": [85.8223114, 19.9965761]}, "properties": {"id": 219116707, "type": "arterial_road", "name": "Bhubaneswar Puri Highway", "criticality_weight": 0.6}}, {"type": "Feature", "geometry": {"type": "Point", "coordinates": [85.81743, 19.9134298]}, "properties": {"id": 219116712, "type": "arterial_road", "name": "Bhubaneswar Puri Highway", "criticality_weight": 0.6}}, {"type": "Feature", "geometry": {"type": "Point", "coordinates": [85.4933255, 19.699708]}, "properties": {"id": 219118256, "type": "arterial_road", "name": "Unnamed Asset", "criticality_weight": 0.6}}, {"type": "Feature", "geometry": {"type": "Point", "coordinates": [85.4406433, 19.6667671]}, "properties": {"id": 219118257, "type": "arterial_road", "name": "Unnamed Asset", "criticality_weight": 0.6}}, {"type": "Feature", "geometry": {"type": "Point", "coordinates": [85.5070334, 19.7050075]}, "properties": {"id": 219118258, "type": "arterial_road", "name": "Unnamed Asset", "criticality_weight": 0.6}}, {"type": "Feature", "geometry": {"type": "Point", "coordinates": [85.8080181, 19.8955717]}, "properties": {"id": 229144770, "type": "healthcare", "name": "CHC, Chandanpur", "criticality_weight": 1.0}}, {"type": "Feature", "geometry": {"type": "Point", "coordinates": [85.8061655, 19.8959629]}, "properties": {"id": 229145686, "type": "arterial_road", "name": "Naya Jagannath Sadak", "criticality_weight": 0.6}}, {"type": "Feature", "geometry": {"type": "Point", "coordinates": [85.8449328, 20.0103819]}, "properties": {"id": 229648857, "type": "arterial_road", "name": "Satasankha-Balanga-Nimapada Road", "criticality_weight": 0.6}}, {"type": "Feature", "geometry": {"type": "Point", "coordinates": [86.0076955, 20.061091]}, "properties": {"id": 229650657, "type": "arterial_road", "name": "Nimapada-Charichhak-Astaranga Road", "criticality_weight": 0.6}}, {"type": "Feature", "geometry": {"type": "Point", "coordinates": [86.0064135, 20.0271527]}, "properties": {"id": 230760886, "type": "power", "name": "Unnamed Asset", "criticality_weight": 0.9}}, {"type": "Feature", "geometry": {"type": "Point", "coordinates": [85.8540139, 19.8226432]}, "properties": {"id": 230766612, "type": "power", "name": "Puri", "criticality_weight": 0.9}}, {"type": "Feature", "geometry": {"type": "Point", "coordinates": [85.6347336, 20.1012712]}, "properties": {"id": 230766613, "type": "power", "name": "Unnamed Asset", "criticality_weight": 0.9}}, {"type": "Feature", "geometry": {"type": "Point", "coordinates": [85.8262656, 20.1166554]}, "properties": {"id": 236074200, "type": "arterial_road", "name": "Unnamed Asset", "criticality_weight": 0.6}}, {"type": "Feature", "geometry": {"type": "Point", "coordinates": [85.7753746, 20.1345428]}, "properties": {"id": 236074201, "type": "arterial_road", "name": "Unnamed Asset", "criticality_weight": 0.6}}, {"type": "Feature", "geometry": {"type": "Point", "coordinates": [85.8284659, 20.1162264]}, "properties": {"id": 236074202, "type": "arterial_road", "name": "Unnamed Asset", "criticality_weight": 0.6}}, {"type": "Feature", "geometry": {"type": "Point", "coordinates": [85.7687763, 20.1385296]}, "properties": {"id": 236074203, "type": "arterial_road", "name": "Unnamed Asset", "criticality_weight": 0.6}}, {"type": "Feature", "geometry": {"type": "Point", "coordinates": [85.7601486, 20.1416904]}, "properties": {"id": 236074204, "type": "arterial_road", "name": "Unnamed Asset", "criticality_weight": 0.6}}, {"type": "Feature", "geometry": {"type": "Point", "coordinates": [85.7730665, 20.1353632]}, "properties": {"id": 236074205, "type": "arterial_road", "name": "Unnamed Asset", "criticality_weight": 0.6}}, {"type": "Feature", "geometry": {"type": "Point", "coordinates": [86.0142617, 19.9794933]}, "properties": {"id": 237771691, "type": "arterial_road", "name": "Gop - Balighai Road", "criticality_weight": 0.6}}, {"type": "Feature", "geometry": {"type": "Point", "coordinates": [86.0151039, 19.9769481]}, "properties": {"id": 237771692, "type": "arterial_road", "name": "Gop - Balighai Road", "criticality_weight": 0.6}}, {"type": "Feature", "geometry": {"type": "Point", "coordinates": [86.0147926, 19.9830179]}, "properties": {"id": 237771693, "type": "arterial_road", "name": "Gop - Balighai Road", "criticality_weight": 0.6}}, {"type": "Feature", "geometry": {"type": "Point", "coordinates": [86.0159462, 19.9841374]}, "properties": {"id": 237771694, "type": "arterial_road", "name": "Gop - Balighai Road", "criticality_weight": 0.6}}, {"type": "Feature", "geometry": {"type": "Point", "coordinates": [85.9558201, 19.8842348]}, "properties": {"id": 237771695, "type": "arterial_road", "name": "Gop - Balighai Road", "criticality_weight": 0.6}}, {"type": "Feature", "geometry": {"type": "Point", "coordinates": [85.9720387, 19.8543724]}, "properties": {"id": 237771696, "type": "arterial_road", "name": "Unnamed Asset", "criticality_weight": 0.6}}, {"type": "Feature", "geometry": {"type": "Point", "coordinates": [86.0062836, 20.0608661]}, "properties": {"id": 237771698, "type": "arterial_road", "name": "Unnamed Asset", "criticality_weight": 0.6}}, {"type": "Feature", "geometry": {"type": "Point", "coordinates": [86.0827423, 20.0648591]}, "properties": {"id": 237771704, "type": "arterial_road", "name": "Unnamed Asset", "criticality_weight": 0.6}}, {"type": "Feature", "geometry": {"type": "Point", "coordinates": [86.0880163, 20.0941927]}, "properties": {"id": 237771706, "type": "arterial_road", "name": "Unnamed Asset", "criticality_weight": 0.6}}, {"type": "Feature", "geometry": {"type": "Point", "coordinates": [86.0590478, 20.0242393]}, "properties": {"id": 237771708, "type": "arterial_road", "name": "Unnamed Asset", "criticality_weight": 0.6}}, {"type": "Feature", "geometry": {"type": "Point", "coordinates": [86.0841463, 20.0666074]}, "properties": {"id": 237771709, "type": "arterial_road", "name": "Unnamed Asset", "criticality_weight": 0.6}}, {"type": "Feature", "geometry": {"type": "Point", "coordinates": [86.0174668, 19.9874491]}, "properties": {"id": 237771710, "type": "arterial_road", "name": "Unnamed Asset", "criticality_weight": 0.6}}, {"type": "Feature", "geometry": {"type": "Point", "coordinates": [86.070488, 20.0422577]}, "properties": {"id": 237771711, "type": "arterial_road", "name": "Unnamed Asset", "criticality_weight": 0.6}}, {"type": "Feature", "geometry": {"type": "Point", "coordinates": [86.0805014, 20.110551]}, "properties": {"id": 237771713, "type": "arterial_road", "name": "Unnamed Asset", "criticality_weight": 0.6}}, {"type": "Feature", "geometry": {"type": "Point", "coordinates": [85.9382482, 19.8597704]}, "properties": {"id": 237771714, "type": "arterial_road", "name": "Unnamed Asset", "criticality_weight": 0.6}}, {"type": "Feature", "geometry": {"type": "Point", "coordinates": [85.8351146, 20.117505]}, "properties": {"id": 237794160, "type": "arterial_road", "name": "Unnamed Asset", "criticality_weight": 0.6}}, {"type": "Feature", "geometry": {"type": "Point", "coordinates": [86.0008879, 20.0622689]}, "properties": {"id": 237794161, "type": "arterial_road", "name": "Unnamed Asset", "criticality_weight": 0.6}}, {"type": "Feature", "geometry": {"type": "Point", "coordinates": [85.8633669, 20.1204366]}, "properties": {"id": 237794162, "type": "arterial_road", "name": "Unnamed Asset", "criticality_weight": 0.6}}, {"type": "Feature", "geometry": {"type": "Point", "coordinates": [85.8643729, 20.1183371]}, "properties": {"id": 237794163, "type": "arterial_road", "name": "Unnamed Asset", "criticality_weight": 0.6}}, {"type": "Feature", "geometry": {"type": "Point", "coordinates": [85.9271294, 20.0883026]}, "properties": {"id": 237794164, "type": "arterial_road", "name": "Unnamed Asset", "criticality_weight": 0.6}}, {"type": "Feature", "geometry": {"type": "Point", "coordinates": [85.8646341, 20.1167359]}, "properties": {"id": 237794165, "type": "arterial_road", "name": "Unnamed Asset", "criticality_weight": 0.6}}, {"type": "Feature", "geometry": {"type": "Point", "coordinates": [85.8408654, 20.1189611]}, "properties": {"id": 237794166, "type": "arterial_road", "name": "Unnamed Asset", "criticality_weight": 0.6}}, {"type": "Feature", "geometry": {"type": "Point", "coordinates": [85.8645471, 20.1170989]}, "properties": {"id": 237794167, "type": "arterial_road", "name": "Unnamed Asset", "criticality_weight": 0.6}}, {"type": "Feature", "geometry": {"type": "Point", "coordinates": [85.9324074, 20.0862767]}, "properties": {"id": 237794168, "type": "arterial_road", "name": "Unnamed Asset", "criticality_weight": 0.6}}, {"type": "Feature", "geometry": {"type": "Point", "coordinates": [85.8666069, 20.1152228]}, "properties": {"id": 237794169, "type": "arterial_road", "name": "Unnamed Asset", "criticality_weight": 0.6}}, {"type": "Feature", "geometry": {"type": "Point", "coordinates": [85.8639272, 20.1198252]}, "properties": {"id": 237794170, "type": "arterial_road", "name": "Unnamed Asset", "criticality_weight": 0.6}}, {"type": "Feature", "geometry": {"type": "Point", "coordinates": [86.002695, 20.0613371]}, "properties": {"id": 237794171, "type": "arterial_road", "name": "Unnamed Asset", "criticality_weight": 0.6}}, {"type": "Feature", "geometry": {"type": "Point", "coordinates": [85.8794464, 20.0390052]}, "properties": {"id": 241131704, "type": "arterial_road", "name": "Satasankha-Balanga-Nimapada Road", "criticality_weight": 0.6}}, {"type": "Feature", "geometry": {"type": "Point", "coordinates": [85.8787741, 20.0391955]}, "properties": {"id": 241131710, "type": "arterial_road", "name": "Satasankha-Balanga-Nimapada Road", "criticality_weight": 0.6}}, {"type": "Feature", "geometry": {"type": "Point", "coordinates": [85.8364266, 20.08403]}, "properties": {"id": 277014046, "type": "arterial_road", "name": "Bhubaneswar Puri Highway", "criticality_weight": 0.6}}, {"type": "Feature", "geometry": {"type": "Point", "coordinates": [85.817877, 20.0062972]}, "properties": {"id": 302134012, "type": "arterial_road", "name": "Bhubaneswar Puri Highway", "criticality_weight": 0.6}}, {"type": "Feature", "geometry": {"type": "Point", "coordinates": [85.8387724, 20.1303639]}, "properties": {"id": 302134016, "type": "arterial_road", "name": "Unnamed Asset", "criticality_weight": 0.6}}, {"type": "Feature", "geometry": {"type": "Point", "coordinates": [85.6168746, 19.9717873]}, "properties": {"id": 314064332, "type": "arterial_road", "name": "Naya Jagannath Sadak", "criticality_weight": 0.6}}, {"type": "Feature", "geometry": {"type": "Point", "coordinates": [85.6213915, 19.9704831]}, "properties": {"id": 314064333, "type": "arterial_road", "name": "Naya Jagannath Sadak", "criticality_weight": 0.6}}, {"type": "Feature", "geometry": {"type": "Point", "coordinates": [85.6191958, 19.9711198]}, "properties": {"id": 314064334, "type": "arterial_road", "name": "Naya Jagannath Sadak", "criticality_weight": 0.6}}, {"type": "Feature", "geometry": {"type": "Point", "coordinates": [85.5902646, 19.981044]}, "properties": {"id": 314064335, "type": "arterial_road", "name": "Naya Jagannath Sadak", "criticality_weight": 0.6}}, {"type": "Feature", "geometry": {"type": "Point", "coordinates": [85.8431855, 19.8028917]}, "properties": {"id": 323856322, "type": "arterial_road", "name": "Marine Drive Road", "criticality_weight": 0.6}}, {"type": "Feature", "geometry": {"type": "Point", "coordinates": [85.8222516, 19.7950086]}, "properties": {"id": 323856323, "type": "arterial_road", "name": "Marine Drive Road", "criticality_weight": 0.6}}, {"type": "Feature", "geometry": {"type": "Point", "coordinates": [85.8194213, 19.803945]}, "properties": {"id": 323856328, "type": "arterial_road", "name": "Unnamed Asset", "criticality_weight": 0.6}}, {"type": "Feature", "geometry": {"type": "Point", "coordinates": [85.7604766, 20.0449829]}, "properties": {"id": 323856329, "type": "arterial_road", "name": "Unnamed Asset", "criticality_weight": 0.6}}, {"type": "Feature", "geometry": {"type": "Point", "coordinates": [85.8180166, 19.8830354]}, "properties": {"id": 378098426, "type": "arterial_road", "name": "Unnamed Asset", "criticality_weight": 0.6}}, {"type": "Feature", "geometry": {"type": "Point", "coordinates": [85.816947, 19.8905623]}, "properties": {"id": 378098674, "type": "arterial_road", "name": "Unnamed Asset", "criticality_weight": 0.6}}, {"type": "Feature", "geometry": {"type": "Point", "coordinates": [85.2519669, 19.593604]}, "properties": {"id": 397359053, "type": "arterial_road", "name": "Unnamed Asset", "criticality_weight": 0.6}}, {"type": "Feature", "geometry": {"type": "Point", "coordinates": [85.1817909, 19.4965653]}, "properties": {"id": 397359068, "type": "arterial_road", "name": "Unnamed Asset", "criticality_weight": 0.6}}, {"type": "Feature", "geometry": {"type": "Point", "coordinates": [85.3302651, 19.6250309]}, "properties": {"id": 397452066, "type": "arterial_road", "name": "Unnamed Asset", "criticality_weight": 0.6}}, {"type": "Feature", "geometry": {"type": "Point", "coordinates": [85.3179505, 19.6251733]}, "properties": {"id": 397452123, "type": "arterial_road", "name": "Unnamed Asset", "criticality_weight": 0.6}}, {"type": "Feature", "geometry": {"type": "Point", "coordinates": [85.372441, 19.6608859]}, "properties": {"id": 397452143, "type": "arterial_road", "name": "Unnamed Asset", "criticality_weight": 0.6}}, {"type": "Feature", "geometry": {"type": "Point", "coordinates": [85.394484, 19.65454]}, "properties": {"id": 397452221, "type": "arterial_road", "name": "Unnamed Asset", "criticality_weight": 0.6}}, {"type": "Feature", "geometry": {"type": "Point", "coordinates": [85.8263356, 19.8133495]}, "properties": {"id": 457958566, "type": "arterial_road", "name": "Unnamed Asset", "criticality_weight": 0.6}}, {"type": "Feature", "geometry": {"type": "Point", "coordinates": [85.8315219, 19.8187201]}, "properties": {"id": 457958771, "type": "arterial_road", "name": "Unnamed Asset", "criticality_weight": 0.6}}, {"type": "Feature", "geometry": {"type": "Point", "coordinates": [85.8596284, 20.1952352]}, "properties": {"id": 464262623, "type": "arterial_road", "name": "Lewis Road", "criticality_weight": 0.6}}, {"type": "Feature", "geometry": {"type": "Point", "coordinates": [85.8548356, 20.2007609]}, "properties": {"id": 478260909, "type": "arterial_road", "name": "Bhubaneswar Puri Highway", "criticality_weight": 0.6}}, {"type": "Feature", "geometry": {"type": "Point", "coordinates": [85.8250743, 19.9837552]}, "properties": {"id": 478261411, "type": "arterial_road", "name": "Bhubaneswar Puri Highway", "criticality_weight": 0.6}}, {"type": "Feature", "geometry": {"type": "Point", "coordinates": [85.82479, 19.976602]}, "properties": {"id": 478261412, "type": "arterial_road", "name": "Bhubaneswar Puri Highway", "criticality_weight": 0.6}}, {"type": "Feature", "geometry": {"type": "Point", "coordinates": [85.8249898, 19.9792165]}, "properties": {"id": 478261413, "type": "arterial_road", "name": "Unnamed Asset", "criticality_weight": 0.6}}, {"type": "Feature", "geometry": {"type": "Point", "coordinates": [85.8226942, 19.9960282]}, "properties": {"id": 478262040, "type": "arterial_road", "name": "Bhubaneswar Puri Highway", "criticality_weight": 0.6}}, {"type": "Feature", "geometry": {"type": "Point", "coordinates": [85.8239056, 19.9898668]}, "properties": {"id": 478262043, "type": "arterial_road", "name": "Bhubaneswar Puri Highway", "criticality_weight": 0.6}}, {"type": "Feature", "geometry": {"type": "Point", "coordinates": [85.8149849, 20.0155223]}, "properties": {"id": 478265063, "type": "arterial_road", "name": "Bhubaneswar Puri Highway", "criticality_weight": 0.6}}, {"type": "Feature", "geometry": {"type": "Point", "coordinates": [85.8185738, 20.0220617]}, "properties": {"id": 478265064, "type": "arterial_road", "name": "Bhubaneswar Puri Highway", "criticality_weight": 0.6}}, {"type": "Feature", "geometry": {"type": "Point", "coordinates": [85.8150831, 20.0154685]}, "properties": {"id": 478265503, "type": "arterial_road", "name": "Bhubaneswar Puri Highway", "criticality_weight": 0.6}}, {"type": "Feature", "geometry": {"type": "Point", "coordinates": [85.8179914, 20.0062953]}, "properties": {"id": 478265504, "type": "arterial_road", "name": "Bhubaneswar Puri Highway", "criticality_weight": 0.6}}, {"type": "Feature", "geometry": {"type": "Point", "coordinates": [85.8221909, 19.9971509]}, "properties": {"id": 478265505, "type": "arterial_road", "name": "Bhubaneswar Puri Highway", "criticality_weight": 0.6}}, {"type": "Feature", "geometry": {"type": "Point", "coordinates": [85.822434, 19.996597]}, "properties": {"id": 478265506, "type": "arterial_road", "name": "Bhubaneswar Puri Highway", "criticality_weight": 0.6}}, {"type": "Feature", "geometry": {"type": "Point", "coordinates": [85.8271936, 20.0507969]}, "properties": {"id": 478267095, "type": "arterial_road", "name": "Bhubaneswar Puri Highway", "criticality_weight": 0.6}}, {"type": "Feature", "geometry": {"type": "Point", "coordinates": [85.8220848, 20.0285267]}, "properties": {"id": 478267096, "type": "arterial_road", "name": "Bhubaneswar Puri Highway", "criticality_weight": 0.6}}, {"type": "Feature", "geometry": {"type": "Point", "coordinates": [85.8221978, 20.0285097]}, "properties": {"id": 478267097, "type": "arterial_road", "name": "Bhubaneswar Puri Highway", "criticality_weight": 0.6}}, {"type": "Feature", "geometry": {"type": "Point", "coordinates": [85.8186793, 20.0220228]}, "properties": {"id": 478267098, "type": "arterial_road", "name": "Bhubaneswar Puri Highway", "criticality_weight": 0.6}}, {"type": "Feature", "geometry": {"type": "Point", "coordinates": [85.817762, 19.8133678]}, "properties": {"id": 478370893, "type": "arterial_road", "name": "Unnamed Asset", "criticality_weight": 0.6}}, {"type": "Feature", "geometry": {"type": "Point", "coordinates": [85.9960218, 20.069712]}, "properties": {"id": 605575610, "type": "arterial_road", "name": "Unnamed Asset", "criticality_weight": 0.6}}, {"type": "Feature", "geometry": {"type": "Point", "coordinates": [85.7935736, 19.7998697]}, "properties": {"id": 614189523, "type": "arterial_road", "name": "Ring Road Puri", "criticality_weight": 0.6}}, {"type": "Feature", "geometry": {"type": "Point", "coordinates": [85.8359413, 19.8513513]}, "properties": {"id": 632273723, "type": "arterial_road", "name": "Unnamed Asset", "criticality_weight": 0.6}}, {"type": "Feature", "geometry": {"type": "Point", "coordinates": [85.8212846, 19.8725265]}, "properties": {"id": 632273726, "type": "arterial_road", "name": "Bhubaneswar Puri Highway", "criticality_weight": 0.6}}, {"type": "Feature", "geometry": {"type": "Point", "coordinates": [85.806456, 19.8869074]}, "properties": {"id": 632273740, "type": "arterial_road", "name": "Bhubaneswar Puri Highway", "criticality_weight": 0.6}}, {"type": "Feature", "geometry": {"type": "Point", "coordinates": [85.8237041, 19.949428]}, "properties": {"id": 632273746, "type": "arterial_road", "name": "Bhubaneswar Puri Highway", "criticality_weight": 0.6}}, {"type": "Feature", "geometry": {"type": "Point", "coordinates": [85.8056733, 19.8954048]}, "properties": {"id": 632275031, "type": "arterial_road", "name": "Bhubaneswar Puri Highway", "criticality_weight": 0.6}}, {"type": "Feature", "geometry": {"type": "Point", "coordinates": [85.8055481, 19.895424]}, "properties": {"id": 632275032, "type": "arterial_road", "name": "Bhubaneswar Puri Highway", "criticality_weight": 0.6}}, {"type": "Feature", "geometry": {"type": "Point", "coordinates": [85.8092901, 19.8998348]}, "properties": {"id": 632275033, "type": "arterial_road", "name": "Bhubaneswar Puri Highway", "criticality_weight": 0.6}}, {"type": "Feature", "geometry": {"type": "Point", "coordinates": [85.8096434, 19.9000426]}, "properties": {"id": 632275034, "type": "arterial_road", "name": "Bhubaneswar Puri Highway", "criticality_weight": 0.6}}, {"type": "Feature", "geometry": {"type": "Point", "coordinates": [85.8259517, 19.8695478]}, "properties": {"id": 632275035, "type": "arterial_road", "name": "Bhubaneswar Puri Highway", "criticality_weight": 0.6}}, {"type": "Feature", "geometry": {"type": "Point", "coordinates": [85.825831, 19.8694343]}, "properties": {"id": 632275036, "type": "arterial_road", "name": "Bhubaneswar Puri Highway", "criticality_weight": 0.6}}, {"type": "Feature", "geometry": {"type": "Point", "coordinates": [85.8311235, 19.8604133]}, "properties": {"id": 632275040, "type": "arterial_road", "name": "Bhubaneswar Puri Highway", "criticality_weight": 0.6}}, {"type": "Feature", "geometry": {"type": "Point", "coordinates": [85.8312758, 19.860409]}, "properties": {"id": 632275044, "type": "arterial_road", "name": "Bhubaneswar Puri Highway", "criticality_weight": 0.6}}, {"type": "Feature", "geometry": {"type": "Point", "coordinates": [85.8596534, 20.1945591]}, "properties": {"id": 637553261, "type": "arterial_road", "name": "Bhubaneswar Puri Highway", "criticality_weight": 0.6}}, {"type": "Feature", "geometry": {"type": "Point", "coordinates": [85.85966, 20.1961058]}, "properties": {"id": 637553262, "type": "arterial_road", "name": "Bhubaneswar Puri Highway", "criticality_weight": 0.6}}, {"type": "Feature", "geometry": {"type": "Point", "coordinates": [85.7546975, 20.0533457]}, "properties": {"id": 657833447, "type": "arterial_road", "name": "Delang - Khurdha Road", "criticality_weight": 0.6}}, {"type": "Feature", "geometry": {"type": "Point", "coordinates": [85.6760078, 20.0882957]}, "properties": {"id": 657835949, "type": "arterial_road", "name": "Delang - Khurdha Road", "criticality_weight": 0.6}}, {"type": "Feature", "geometry": {"type": "Point", "coordinates": [85.2432909, 19.5521591]}, "properties": {"id": 663938018, "type": "arterial_road", "name": "Unnamed Asset", "criticality_weight": 0.6}}, {"type": "Feature", "geometry": {"type": "Point", "coordinates": [85.3782834, 19.6630746]}, "properties": {"id": 663938020, "type": "arterial_road", "name": "Unnamed Asset", "criticality_weight": 0.6}}, {"type": "Feature", "geometry": {"type": "Point", "coordinates": [85.9305914, 19.9242045]}, "properties": {"id": 665270295, "type": "power", "name": "Unnamed Asset", "criticality_weight": 0.9}}, {"type": "Feature", "geometry": {"type": "Point", "coordinates": [85.5956103, 20.1384771]}, "properties": {"id": 665299062, "type": "power", "name": "Unnamed Asset", "criticality_weight": 0.9}}, {"type": "Feature", "geometry": {"type": "Point", "coordinates": [85.7724108, 19.9633862]}, "properties": {"id": 665299069, "type": "power", "name": "Unnamed Asset", "criticality_weight": 0.9}}, {"type": "Feature", "geometry": {"type": "Point", "coordinates": [85.8744662, 19.8401158]}, "properties": {"id": 665299075, "type": "power", "name": "Samangara", "criticality_weight": 0.9}}, {"type": "Feature", "geometry": {"type": "Point", "coordinates": [85.880764, 19.8373027]}, "properties": {"id": 665299077, "type": "power", "name": "Unnamed Asset", "criticality_weight": 0.9}}, {"type": "Feature", "geometry": {"type": "Point", "coordinates": [85.6612073, 19.9549398]}, "properties": {"id": 680541320, "type": "arterial_road", "name": "Naya Jagannath Sadak", "criticality_weight": 0.6}}, {"type": "Feature", "geometry": {"type": "Point", "coordinates": [85.6945457, 19.9353446]}, "properties": {"id": 680541321, "type": "arterial_road", "name": "Naya Jagannath Sadak", "criticality_weight": 0.6}}, {"type": "Feature", "geometry": {"type": "Point", "coordinates": [85.8873308, 19.8362303]}, "properties": {"id": 687451219, "type": "arterial_road", "name": "Unnamed Asset", "criticality_weight": 0.6}}, {"type": "Feature", "geometry": {"type": "Point", "coordinates": [85.8872706, 19.8362069]}, "properties": {"id": 687451220, "type": "arterial_road", "name": "Unnamed Asset", "criticality_weight": 0.6}}, {"type": "Feature", "geometry": {"type": "Point", "coordinates": [85.8642135, 19.8512788]}, "properties": {"id": 687451221, "type": "arterial_road", "name": "Unnamed Asset", "criticality_weight": 0.6}}, {"type": "Feature", "geometry": {"type": "Point", "coordinates": [85.875754, 19.8438496]}, "properties": {"id": 687451222, "type": "arterial_road", "name": "Unnamed Asset", "criticality_weight": 0.6}}, {"type": "Feature", "geometry": {"type": "Point", "coordinates": [85.8611573, 19.8549352]}, "properties": {"id": 687451223, "type": "arterial_road", "name": "Unnamed Asset", "criticality_weight": 0.6}}, {"type": "Feature", "geometry": {"type": "Point", "coordinates": [85.8608937, 19.8552665]}, "properties": {"id": 687451224, "type": "arterial_road", "name": "Unnamed Asset", "criticality_weight": 0.6}}, {"type": "Feature", "geometry": {"type": "Point", "coordinates": [85.8606184, 19.8556084]}, "properties": {"id": 687451225, "type": "arterial_road", "name": "Unnamed Asset", "criticality_weight": 0.6}}, {"type": "Feature", "geometry": {"type": "Point", "coordinates": [85.8626513, 19.8531174]}, "properties": {"id": 687451226, "type": "arterial_road", "name": "Unnamed Asset", "criticality_weight": 0.6}}, {"type": "Feature", "geometry": {"type": "Point", "coordinates": [85.8588882, 19.8574609]}, "properties": {"id": 687451227, "type": "arterial_road", "name": "Unnamed Asset", "criticality_weight": 0.6}}, {"type": "Feature", "geometry": {"type": "Point", "coordinates": [85.8571004, 19.8593047]}, "properties": {"id": 687451228, "type": "arterial_road", "name": "Unnamed Asset", "criticality_weight": 0.6}}, {"type": "Feature", "geometry": {"type": "Point", "coordinates": [85.8562204, 19.8596771]}, "properties": {"id": 687451229, "type": "arterial_road", "name": "Unnamed Asset", "criticality_weight": 0.6}}, {"type": "Feature", "geometry": {"type": "Point", "coordinates": [85.8554046, 19.8600082]}, "properties": {"id": 687451230, "type": "arterial_road", "name": "Unnamed Asset", "criticality_weight": 0.6}}, {"type": "Feature", "geometry": {"type": "Point", "coordinates": [85.8492642, 19.8618289]}, "properties": {"id": 687451231, "type": "arterial_road", "name": "Unnamed Asset", "criticality_weight": 0.6}}, {"type": "Feature", "geometry": {"type": "Point", "coordinates": [85.8430616, 19.8634936]}, "properties": {"id": 687451232, "type": "arterial_road", "name": "Unnamed Asset", "criticality_weight": 0.6}}, {"type": "Feature", "geometry": {"type": "Point", "coordinates": [85.8325184, 19.8640396]}, "properties": {"id": 687451233, "type": "arterial_road", "name": "Unnamed Asset", "criticality_weight": 0.6}}, {"type": "Feature", "geometry": {"type": "Point", "coordinates": [85.8328081, 19.8635439]}, "properties": {"id": 687451234, "type": "arterial_road", "name": "Unnamed Asset", "criticality_weight": 0.6}}, {"type": "Feature", "geometry": {"type": "Point", "coordinates": [85.8338113, 19.8627856]}, "properties": {"id": 687451237, "type": "arterial_road", "name": "Unnamed Asset", "criticality_weight": 0.6}}, {"type": "Feature", "geometry": {"type": "Point", "coordinates": [85.8376837, 19.8623632]}, "properties": {"id": 746288612, "type": "arterial_road", "name": "Unnamed Asset", "criticality_weight": 0.6}}, {"type": "Feature", "geometry": {"type": "Point", "coordinates": [85.8417486, 19.8632552]}, "properties": {"id": 746288613, "type": "arterial_road", "name": "Unnamed Asset", "criticality_weight": 0.6}}, {"type": "Feature", "geometry": {"type": "Point", "coordinates": [85.8078759, 19.8129834]}, "properties": {"id": 746288614, "type": "arterial_road", "name": "Unnamed Asset", "criticality_weight": 0.6}}, {"type": "Feature", "geometry": {"type": "Point", "coordinates": [85.8123779, 19.7912427]}, "properties": {"id": 746288616, "type": "arterial_road", "name": "Marine Drive Road", "criticality_weight": 0.6}}, {"type": "Feature", "geometry": {"type": "Point", "coordinates": [85.8057031, 19.7897804]}, "properties": {"id": 746288617, "type": "arterial_road", "name": "Unnamed Asset", "criticality_weight": 0.6}}, {"type": "Feature", "geometry": {"type": "Point", "coordinates": [85.805798, 19.7904123]}, "properties": {"id": 746288618, "type": "arterial_road", "name": "Unnamed Asset", "criticality_weight": 0.6}}, {"type": "Feature", "geometry": {"type": "Point", "coordinates": [85.3082776, 19.6248346]}, "properties": {"id": 746292496, "type": "arterial_road", "name": "Unnamed Asset", "criticality_weight": 0.6}}, {"type": "Feature", "geometry": {"type": "Point", "coordinates": [85.2425614, 19.5486419]}, "properties": {"id": 746292497, "type": "arterial_road", "name": "Unnamed Asset", "criticality_weight": 0.6}}, {"type": "Feature", "geometry": {"type": "Point", "coordinates": [85.2407056, 19.5457385]}, "properties": {"id": 746292498, "type": "arterial_road", "name": "Unnamed Asset", "criticality_weight": 0.6}}, {"type": "Feature", "geometry": {"type": "Point", "coordinates": [85.8109223, 19.8976366]}, "properties": {"id": 746551616, "type": "arterial_road", "name": "Unnamed Asset", "criticality_weight": 0.6}}, {"type": "Feature", "geometry": {"type": "Point", "coordinates": [85.6721315, 20.0885862]}, "properties": {"id": 800942765, "type": "arterial_road", "name": "Delang - Khurdha Road", "criticality_weight": 0.6}}, {"type": "Feature", "geometry": {"type": "Point", "coordinates": [85.6742014, 20.0878476]}, "properties": {"id": 800942766, "type": "arterial_road", "name": "Delang - Khurdha Road", "criticality_weight": 0.6}}, {"type": "Feature", "geometry": {"type": "Point", "coordinates": [85.8141089, 19.8933446]}, "properties": {"id": 830007274, "type": "arterial_road", "name": "Unnamed Asset", "criticality_weight": 0.6}}, {"type": "Feature", "geometry": {"type": "Point", "coordinates": [85.8156932, 19.9063441]}, "properties": {"id": 846452766, "type": "arterial_road", "name": "Bhubaneswar Puri Highway", "criticality_weight": 0.6}}, {"type": "Feature", "geometry": {"type": "Point", "coordinates": [85.8156097, 19.906438]}, "properties": {"id": 846452767, "type": "arterial_road", "name": "Bhubaneswar Puri Highway", "criticality_weight": 0.6}}, {"type": "Feature", "geometry": {"type": "Point", "coordinates": [85.8165396, 19.9081259]}, "properties": {"id": 846452768, "type": "arterial_road", "name": "Bhubaneswar Puri Highway", "criticality_weight": 0.6}}, {"type": "Feature", "geometry": {"type": "Point", "coordinates": [86.0817584, 19.8591462]}, "properties": {"id": 864949647, "type": "arterial_road", "name": "Unnamed Asset", "criticality_weight": 0.6}}, {"type": "Feature", "geometry": {"type": "Point", "coordinates": [86.0966724, 19.8621359]}, "properties": {"id": 864949648, "type": "arterial_road", "name": "Unnamed Asset", "criticality_weight": 0.6}}, {"type": "Feature", "geometry": {"type": "Point", "coordinates": [86.0168585, 20.1017858]}, "properties": {"id": 865320982, "type": "arterial_road", "name": "Unnamed Asset", "criticality_weight": 0.6}}, {"type": "Feature", "geometry": {"type": "Point", "coordinates": [86.0634952, 19.8565466]}, "properties": {"id": 865547908, "type": "arterial_road", "name": "Unnamed Asset", "criticality_weight": 0.6}}, {"type": "Feature", "geometry": {"type": "Point", "coordinates": [86.0679521, 19.8579882]}, "properties": {"id": 865547909, "type": "arterial_road", "name": "Unnamed Asset", "criticality_weight": 0.6}}, {"type": "Feature", "geometry": {"type": "Point", "coordinates": [86.0724282, 19.8594257]}, "properties": {"id": 865547910, "type": "arterial_road", "name": "Unnamed Asset", "criticality_weight": 0.6}}, {"type": "Feature", "geometry": {"type": "Point", "coordinates": [86.0770762, 19.8593424]}, "properties": {"id": 865547911, "type": "arterial_road", "name": "Unnamed Asset", "criticality_weight": 0.6}}, {"type": "Feature", "geometry": {"type": "Point", "coordinates": [85.9761257, 19.9122232]}, "properties": {"id": 866014839, "type": "arterial_road", "name": "Gop - Balighai Road", "criticality_weight": 0.6}}, {"type": "Feature", "geometry": {"type": "Point", "coordinates": [85.9873172, 19.9193389]}, "properties": {"id": 866014840, "type": "arterial_road", "name": "Gop - Balighai Road", "criticality_weight": 0.6}}, {"type": "Feature", "geometry": {"type": "Point", "coordinates": [85.9733495, 19.9084974]}, "properties": {"id": 866016190, "type": "arterial_road", "name": "Gop - Balighai Road", "criticality_weight": 0.6}}, {"type": "Feature", "geometry": {"type": "Point", "coordinates": [85.9747352, 19.9103153]}, "properties": {"id": 866016191, "type": "arterial_road", "name": "Gop - Balighai Road", "criticality_weight": 0.6}}, {"type": "Feature", "geometry": {"type": "Point", "coordinates": [85.8337523, 19.8259142]}, "properties": {"id": 866203115, "type": "arterial_road", "name": "Bhubaneswar Puri Highway", "criticality_weight": 0.6}}, {"type": "Feature", "geometry": {"type": "Point", "coordinates": [85.8337446, 19.8259142]}, "properties": {"id": 866203116, "type": "arterial_road", "name": "Bhubaneswar Puri Highway", "criticality_weight": 0.6}}, {"type": "Feature", "geometry": {"type": "Point", "coordinates": [85.8324467, 19.8218566]}, "properties": {"id": 866203117, "type": "arterial_road", "name": "Bhubaneswar Puri Highway", "criticality_weight": 0.6}}, {"type": "Feature", "geometry": {"type": "Point", "coordinates": [86.1034941, 19.9936651]}, "properties": {"id": 866213164, "type": "arterial_road", "name": "Unnamed Asset", "criticality_weight": 0.6}}, {"type": "Feature", "geometry": {"type": "Point", "coordinates": [85.8314517, 19.8187341]}, "properties": {"id": 866234209, "type": "arterial_road", "name": "Unnamed Asset", "criticality_weight": 0.6}}, {"type": "Feature", "geometry": {"type": "Point", "coordinates": [85.8367789, 19.8368712]}, "properties": {"id": 866482343, "type": "arterial_road", "name": "Bhubaneswar Puri Highway", "criticality_weight": 0.6}}, {"type": "Feature", "geometry": {"type": "Point", "coordinates": [85.8356673, 19.8319995]}, "properties": {"id": 866482344, "type": "arterial_road", "name": "Bhubaneswar Puri Highway", "criticality_weight": 0.6}}, {"type": "Feature", "geometry": {"type": "Point", "coordinates": [86.0789003, 19.8992935]}, "properties": {"id": 866523711, "type": "arterial_road", "name": "Unnamed Asset", "criticality_weight": 0.6}}, {"type": "Feature", "geometry": {"type": "Point", "coordinates": [86.0711974, 19.9135794]}, "properties": {"id": 866523712, "type": "arterial_road", "name": "Unnamed Asset", "criticality_weight": 0.6}}, {"type": "Feature", "geometry": {"type": "Point", "coordinates": [85.9985717, 19.9254161]}, "properties": {"id": 866526032, "type": "arterial_road", "name": "Gop - Balighai Road", "criticality_weight": 0.6}}, {"type": "Feature", "geometry": {"type": "Point", "coordinates": [86.0000254, 19.9263696]}, "properties": {"id": 866526033, "type": "arterial_road", "name": "Gop - Balighai Road", "criticality_weight": 0.6}}, {"type": "Feature", "geometry": {"type": "Point", "coordinates": [85.8566862, 19.8227299]}, "properties": {"id": 866539224, "type": "arterial_road", "name": "Chakra Tirtha Road", "criticality_weight": 0.6}}, {"type": "Feature", "geometry": {"type": "Point", "coordinates": [85.8579132, 19.8209635]}, "properties": {"id": 866539225, "type": "arterial_road", "name": "Unnamed Asset", "criticality_weight": 0.6}}, {"type": "Feature", "geometry": {"type": "Point", "coordinates": [85.8577095, 19.8207758]}, "properties": {"id": 866539226, "type": "arterial_road", "name": "Chakra Tirtha Road", "criticality_weight": 0.6}}, {"type": "Feature", "geometry": {"type": "Point", "coordinates": [85.857686, 19.8207983]}, "properties": {"id": 866539227, "type": "arterial_road", "name": "Chakra Tirtha Road", "criticality_weight": 0.6}}, {"type": "Feature", "geometry": {"type": "Point", "coordinates": [85.8567719, 19.8227247]}, "properties": {"id": 866539228, "type": "arterial_road", "name": "Chakra Tirtha Road", "criticality_weight": 0.6}}, {"type": "Feature", "geometry": {"type": "Point", "coordinates": [85.8554803, 19.8242784]}, "properties": {"id": 866539229, "type": "arterial_road", "name": "Unnamed Asset", "criticality_weight": 0.6}}, {"type": "Feature", "geometry": {"type": "Point", "coordinates": [85.855839, 19.8242786]}, "properties": {"id": 866539230, "type": "arterial_road", "name": "Unnamed Asset", "criticality_weight": 0.6}}, {"type": "Feature", "geometry": {"type": "Point", "coordinates": [85.4738063, 19.6908787]}, "properties": {"id": 866559620, "type": "arterial_road", "name": "Unnamed Asset", "criticality_weight": 0.6}}, {"type": "Feature", "geometry": {"type": "Point", "coordinates": [85.4799192, 19.6947259]}, "properties": {"id": 866559621, "type": "arterial_road", "name": "Unnamed Asset", "criticality_weight": 0.6}}, {"type": "Feature", "geometry": {"type": "Point", "coordinates": [85.5725086, 19.9868064]}, "properties": {"id": 866579541, "type": "arterial_road", "name": "Naya Jagannath Sadak", "criticality_weight": 0.6}}, {"type": "Feature", "geometry": {"type": "Point", "coordinates": [85.5672881, 19.985552]}, "properties": {"id": 866579542, "type": "arterial_road", "name": "Naya Jagannath Sadak", "criticality_weight": 0.6}}, {"type": "Feature", "geometry": {"type": "Point", "coordinates": [85.6310814, 19.9684325]}, "properties": {"id": 866842934, "type": "arterial_road", "name": "Naya Jagannath Sadak", "criticality_weight": 0.6}}, {"type": "Feature", "geometry": {"type": "Point", "coordinates": [85.6406599, 19.9664524]}, "properties": {"id": 866842935, "type": "arterial_road", "name": "Naya Jagannath Sadak", "criticality_weight": 0.6}}, {"type": "Feature", "geometry": {"type": "Point", "coordinates": [85.4676846, 19.6870167]}, "properties": {"id": 866851133, "type": "arterial_road", "name": "Unnamed Asset", "criticality_weight": 0.6}}, {"type": "Feature", "geometry": {"type": "Point", "coordinates": [85.4555202, 19.6770736]}, "properties": {"id": 866851134, "type": "arterial_road", "name": "Unnamed Asset", "criticality_weight": 0.6}}, {"type": "Feature", "geometry": {"type": "Point", "coordinates": [85.6464284, 19.7791196]}, "properties": {"id": 866882993, "type": "arterial_road", "name": "Unnamed Asset", "criticality_weight": 0.6}}, {"type": "Feature", "geometry": {"type": "Point", "coordinates": [85.7034282, 19.8022464]}, "properties": {"id": 866882994, "type": "arterial_road", "name": "Unnamed Asset", "criticality_weight": 0.6}}, {"type": "Feature", "geometry": {"type": "Point", "coordinates": [85.7130742, 19.8055619]}, "properties": {"id": 867029124, "type": "arterial_road", "name": "Unnamed Asset", "criticality_weight": 0.6}}, {"type": "Feature", "geometry": {"type": "Point", "coordinates": [85.7168325, 19.8064467]}, "properties": {"id": 867029125, "type": "arterial_road", "name": "Unnamed Asset", "criticality_weight": 0.6}}, {"type": "Feature", "geometry": {"type": "Point", "coordinates": [85.9905096, 20.0671474]}, "properties": {"id": 867156888, "type": "arterial_road", "name": "Unnamed Asset", "criticality_weight": 0.6}}, {"type": "Feature", "geometry": {"type": "Point", "coordinates": [85.9824476, 20.0694394]}, "properties": {"id": 867156889, "type": "arterial_road", "name": "Unnamed Asset", "criticality_weight": 0.6}}, {"type": "Feature", "geometry": {"type": "Point", "coordinates": [85.9886192, 20.0522924]}, "properties": {"id": 867158713, "type": "arterial_road", "name": "Satasankha-Balanga-Nimapada Road", "criticality_weight": 0.6}}, {"type": "Feature", "geometry": {"type": "Point", "coordinates": [85.976568, 20.0502382]}, "properties": {"id": 867158714, "type": "arterial_road", "name": "Satasankha-Balanga-Nimapada Road", "criticality_weight": 0.6}}, {"type": "Feature", "geometry": {"type": "Point", "coordinates": [86.2732724, 19.9861791]}, "properties": {"id": 867190994, "type": "arterial_road", "name": "Unnamed Asset", "criticality_weight": 0.6}}, {"type": "Feature", "geometry": {"type": "Point", "coordinates": [86.2600986, 19.9797437]}, "properties": {"id": 867190995, "type": "arterial_road", "name": "Unnamed Asset", "criticality_weight": 0.6}}, {"type": "Feature", "geometry": {"type": "Point", "coordinates": [85.722594, 19.807051]}, "properties": {"id": 867195854, "type": "arterial_road", "name": "Unnamed Asset", "criticality_weight": 0.6}}, {"type": "Feature", "geometry": {"type": "Point", "coordinates": [85.719706, 19.8065838]}, "properties": {"id": 867195855, "type": "arterial_road", "name": "Unnamed Asset", "criticality_weight": 0.6}}, {"type": "Feature", "geometry": {"type": "Point", "coordinates": [86.0079139, 20.0611628]}, "properties": {"id": 867210143, "type": "arterial_road", "name": "Nimapada-Charichhak-Astaranga Road", "criticality_weight": 0.6}}, {"type": "Feature", "geometry": {"type": "Point", "coordinates": [86.0183565, 20.0629163]}, "properties": {"id": 867210144, "type": "arterial_road", "name": "Nimapada-Charichhak-Astaranga Road", "criticality_weight": 0.6}}, {"type": "Feature", "geometry": {"type": "Point", "coordinates": [86.002656, 20.0570793]}, "properties": {"id": 867244622, "type": "arterial_road", "name": "Satasankha-Balanga-Nimapada Road", "criticality_weight": 0.6}}, {"type": "Feature", "geometry": {"type": "Point", "coordinates": [86.0006852, 20.0539774]}, "properties": {"id": 867244623, "type": "arterial_road", "name": "Satasankha-Balanga-Nimapada Road", "criticality_weight": 0.6}}, {"type": "Feature", "geometry": {"type": "Point", "coordinates": [86.1585812, 19.9198323]}, "properties": {"id": 867256307, "type": "arterial_road", "name": "Unnamed Asset", "criticality_weight": 0.6}}, {"type": "Feature", "geometry": {"type": "Point", "coordinates": [86.1722487, 19.9352959]}, "properties": {"id": 867314488, "type": "arterial_road", "name": "Unnamed Asset", "criticality_weight": 0.6}}, {"type": "Feature", "geometry": {"type": "Point", "coordinates": [86.16631, 19.9307499]}, "properties": {"id": 867314489, "type": "arterial_road", "name": "Unnamed Asset", "criticality_weight": 0.6}}, {"type": "Feature", "geometry": {"type": "Point", "coordinates": [86.2766702, 19.9931376]}, "properties": {"id": 867452820, "type": "arterial_road", "name": "Unnamed Asset", "criticality_weight": 0.6}}, {"type": "Feature", "geometry": {"type": "Point", "coordinates": [85.7128778, 20.0747668]}, "properties": {"id": 867596740, "type": "arterial_road", "name": "Delang - Khurdha Road", "criticality_weight": 0.6}}, {"type": "Feature", "geometry": {"type": "Point", "coordinates": [85.7489817, 20.0606587]}, "properties": {"id": 867596741, "type": "arterial_road", "name": "Delang - Khurdha Road", "criticality_weight": 0.6}}, {"type": "Feature", "geometry": {"type": "Point", "coordinates": [85.7497901, 20.0600709]}, "properties": {"id": 867596742, "type": "arterial_road", "name": "Delang - Khurdha Road", "criticality_weight": 0.6}}, {"type": "Feature", "geometry": {"type": "Point", "coordinates": [85.7495641, 20.060221]}, "properties": {"id": 867596743, "type": "arterial_road", "name": "Delang - Khurdha Road", "criticality_weight": 0.6}}, {"type": "Feature", "geometry": {"type": "Point", "coordinates": [85.7318343, 19.9157842]}, "properties": {"id": 867606298, "type": "arterial_road", "name": "Naya Jagannath Sadak", "criticality_weight": 0.6}}, {"type": "Feature", "geometry": {"type": "Point", "coordinates": [85.7342604, 19.9133581]}, "properties": {"id": 867606299, "type": "arterial_road", "name": "Naya Jagannath Sadak", "criticality_weight": 0.6}}, {"type": "Feature", "geometry": {"type": "Point", "coordinates": [85.7367146, 19.9109334]}, "properties": {"id": 867606300, "type": "arterial_road", "name": "Naya Jagannath Sadak", "criticality_weight": 0.6}}, {"type": "Feature", "geometry": {"type": "Point", "coordinates": [85.7059564, 19.9281323]}, "properties": {"id": 867606301, "type": "arterial_road", "name": "Naya Jagannath Sadak", "criticality_weight": 0.6}}, {"type": "Feature", "geometry": {"type": "Point", "coordinates": [86.0055569, 20.0607273]}, "properties": {"id": 867613367, "type": "arterial_road", "name": "Unnamed Asset", "criticality_weight": 0.6}}, {"type": "Feature", "geometry": {"type": "Point", "coordinates": [86.005465, 20.0607077]}, "properties": {"id": 867613368, "type": "arterial_road", "name": "Unnamed Asset", "criticality_weight": 0.6}}, {"type": "Feature", "geometry": {"type": "Point", "coordinates": [85.7226974, 19.9218162]}, "properties": {"id": 867632315, "type": "arterial_road", "name": "Naya Jagannath Sadak", "criticality_weight": 0.6}}, {"type": "Feature", "geometry": {"type": "Point", "coordinates": [85.7272692, 19.9188128]}, "properties": {"id": 867632316, "type": "arterial_road", "name": "Naya Jagannath Sadak", "criticality_weight": 0.6}}, {"type": "Feature", "geometry": {"type": "Point", "coordinates": [85.7664431, 20.037796]}, "properties": {"id": 867633378, "type": "arterial_road", "name": "Unnamed Asset", "criticality_weight": 0.6}}, {"type": "Feature", "geometry": {"type": "Point", "coordinates": [85.7614126, 20.0432745]}, "properties": {"id": 867633379, "type": "arterial_road", "name": "Unnamed Asset", "criticality_weight": 0.6}}, {"type": "Feature", "geometry": {"type": "Point", "coordinates": [85.783732, 19.7980588]}, "properties": {"id": 867655062, "type": "arterial_road", "name": "Ring Road Puri", "criticality_weight": 0.6}}, {"type": "Feature", "geometry": {"type": "Point", "coordinates": [85.7872042, 19.7860972]}, "properties": {"id": 867655063, "type": "arterial_road", "name": "Unnamed Asset", "criticality_weight": 0.6}}, {"type": "Feature", "geometry": {"type": "Point", "coordinates": [85.7797451, 19.7992456]}, "properties": {"id": 867655067, "type": "arterial_road", "name": "Unnamed Asset", "criticality_weight": 0.6}}, {"type": "Feature", "geometry": {"type": "Point", "coordinates": [85.7444522, 19.8108943]}, "properties": {"id": 867686139, "type": "arterial_road", "name": "Unnamed Asset", "criticality_weight": 0.6}}, {"type": "Feature", "geometry": {"type": "Point", "coordinates": [85.7335392, 19.8092399]}, "properties": {"id": 867686140, "type": "arterial_road", "name": "Unnamed Asset", "criticality_weight": 0.6}}, {"type": "Feature", "geometry": {"type": "Point", "coordinates": [85.5895718, 19.7560127]}, "properties": {"id": 867913797, "type": "arterial_road", "name": "Unnamed Asset", "criticality_weight": 0.6}}, {"type": "Feature", "geometry": {"type": "Point", "coordinates": [85.5342772, 19.7214141]}, "properties": {"id": 867913798, "type": "arterial_road", "name": "Unnamed Asset", "criticality_weight": 0.6}}, {"type": "Feature", "geometry": {"type": "Point", "coordinates": [85.8224934, 19.8286954]}, "properties": {"id": 867933672, "type": "arterial_road", "name": "Bhubaneswar Puri Highway", "criticality_weight": 0.6}}, {"type": "Feature", "geometry": {"type": "Point", "coordinates": [85.8204075, 19.8266595]}, "properties": {"id": 867933673, "type": "arterial_road", "name": "Bhubaneswar Puri Highway", "criticality_weight": 0.6}}, {"type": "Feature", "geometry": {"type": "Point", "coordinates": [85.8225644, 19.8286249]}, "properties": {"id": 867933674, "type": "arterial_road", "name": "Bhubaneswar Puri Highway", "criticality_weight": 0.6}}, {"type": "Feature", "geometry": {"type": "Point", "coordinates": [85.8204718, 19.8265877]}, "properties": {"id": 867933675, "type": "arterial_road", "name": "Bhubaneswar Puri Highway", "criticality_weight": 0.6}}, {"type": "Feature", "geometry": {"type": "Point", "coordinates": [85.8183825, 19.8245507]}, "properties": {"id": 867933676, "type": "arterial_road", "name": "Bhubaneswar Puri Highway", "criticality_weight": 0.6}}, {"type": "Feature", "geometry": {"type": "Point", "coordinates": [85.8170173, 19.8231566]}, "properties": {"id": 867933677, "type": "arterial_road", "name": "Bhubaneswar Puri Highway", "criticality_weight": 0.6}}, {"type": "Feature", "geometry": {"type": "Point", "coordinates": [85.8183155, 19.8246138]}, "properties": {"id": 867933678, "type": "arterial_road", "name": "Bhubaneswar Puri Highway", "criticality_weight": 0.6}}, {"type": "Feature", "geometry": {"type": "Point", "coordinates": [85.8169253, 19.8232122]}, "properties": {"id": 867933679, "type": "arterial_road", "name": "Bhubaneswar Puri Highway", "criticality_weight": 0.6}}, {"type": "Feature", "geometry": {"type": "Point", "coordinates": [85.8155379, 19.8218143]}, "properties": {"id": 867933680, "type": "arterial_road", "name": "Bhubaneswar Puri Highway", "criticality_weight": 0.6}}, {"type": "Feature", "geometry": {"type": "Point", "coordinates": [85.8114605, 19.8175365]}, "properties": {"id": 867933681, "type": "arterial_road", "name": "Bhubaneswar Puri Highway", "criticality_weight": 0.6}}, {"type": "Feature", "geometry": {"type": "Point", "coordinates": [85.8156459, 19.8217576]}, "properties": {"id": 867933682, "type": "arterial_road", "name": "Bhubaneswar Puri Highway", "criticality_weight": 0.6}}, {"type": "Feature", "geometry": {"type": "Point", "coordinates": [85.8115505, 19.8174701]}, "properties": {"id": 867933683, "type": "arterial_road", "name": "Bhubaneswar Puri Highway", "criticality_weight": 0.6}}, {"type": "Feature", "geometry": {"type": "Point", "coordinates": [85.8324373, 19.8199126]}, "properties": {"id": 867933689, "type": "arterial_road", "name": "Unnamed Asset", "criticality_weight": 0.6}}, {"type": "Feature", "geometry": {"type": "Point", "coordinates": [85.8322519, 19.8203199]}, "properties": {"id": 867933690, "type": "arterial_road", "name": "Unnamed Asset", "criticality_weight": 0.6}}, {"type": "Feature", "geometry": {"type": "Point", "coordinates": [85.8325309, 19.819949]}, "properties": {"id": 867933691, "type": "arterial_road", "name": "Unnamed Asset", "criticality_weight": 0.6}}, {"type": "Feature", "geometry": {"type": "Point", "coordinates": [85.8322956, 19.8204036]}, "properties": {"id": 867933692, "type": "arterial_road", "name": "Unnamed Asset", "criticality_weight": 0.6}}, {"type": "Feature", "geometry": {"type": "Point", "coordinates": [86.1282566, 20.0373783]}, "properties": {"id": 868504780, "type": "arterial_road", "name": "Unnamed Asset", "criticality_weight": 0.6}}, {"type": "Feature", "geometry": {"type": "Point", "coordinates": [85.7736336, 20.029976]}, "properties": {"id": 868545060, "type": "arterial_road", "name": "Unnamed Asset", "criticality_weight": 0.6}}, {"type": "Feature", "geometry": {"type": "Point", "coordinates": [85.7714822, 20.032323]}, "properties": {"id": 868545061, "type": "arterial_road", "name": "Unnamed Asset", "criticality_weight": 0.6}}, {"type": "Feature", "geometry": {"type": "Point", "coordinates": [85.7767133, 20.0267043]}, "properties": {"id": 868545062, "type": "arterial_road", "name": "Unnamed Asset", "criticality_weight": 0.6}}, {"type": "Feature", "geometry": {"type": "Point", "coordinates": [85.7757756, 20.0276445]}, "properties": {"id": 868545063, "type": "arterial_road", "name": "Unnamed Asset", "criticality_weight": 0.6}}, {"type": "Feature", "geometry": {"type": "Point", "coordinates": [85.6081117, 19.9752572]}, "properties": {"id": 868551172, "type": "arterial_road", "name": "Naya Jagannath Sadak", "criticality_weight": 0.6}}, {"type": "Feature", "geometry": {"type": "Point", "coordinates": [85.6123864, 19.973556]}, "properties": {"id": 868551173, "type": "arterial_road", "name": "Naya Jagannath Sadak", "criticality_weight": 0.6}}, {"type": "Feature", "geometry": {"type": "Point", "coordinates": [85.8079027, 19.8130135]}, "properties": {"id": 868564760, "type": "arterial_road", "name": "Unnamed Asset", "criticality_weight": 0.6}}, {"type": "Feature", "geometry": {"type": "Point", "coordinates": [85.8077311, 19.8133385]}, "properties": {"id": 868564761, "type": "arterial_road", "name": "Unnamed Asset", "criticality_weight": 0.6}}, {"type": "Feature", "geometry": {"type": "Point", "coordinates": [85.8075643, 19.8131559]}, "properties": {"id": 868564762, "type": "arterial_road", "name": "Unnamed Asset", "criticality_weight": 0.6}}, {"type": "Feature", "geometry": {"type": "Point", "coordinates": [85.8073306, 19.8133206]}, "properties": {"id": 868564763, "type": "arterial_road", "name": "Unnamed Asset", "criticality_weight": 0.6}}, {"type": "Feature", "geometry": {"type": "Point", "coordinates": [85.8075148, 19.8135343]}, "properties": {"id": 868564764, "type": "arterial_road", "name": "Unnamed Asset", "criticality_weight": 0.6}}, {"type": "Feature", "geometry": {"type": "Point", "coordinates": [85.8072885, 19.8135727]}, "properties": {"id": 868564765, "type": "arterial_road", "name": "Unnamed Asset", "criticality_weight": 0.6}}, {"type": "Feature", "geometry": {"type": "Point", "coordinates": [85.7785909, 20.0248282]}, "properties": {"id": 868573016, "type": "arterial_road", "name": "Unnamed Asset", "criticality_weight": 0.6}}, {"type": "Feature", "geometry": {"type": "Point", "coordinates": [85.7776785, 20.0257353]}, "properties": {"id": 868573017, "type": "arterial_road", "name": "Unnamed Asset", "criticality_weight": 0.6}}, {"type": "Feature", "geometry": {"type": "Point", "coordinates": [85.7824701, 20.0207266]}, "properties": {"id": 868573018, "type": "arterial_road", "name": "Unnamed Asset", "criticality_weight": 0.6}}, {"type": "Feature", "geometry": {"type": "Point", "coordinates": [85.7795196, 20.0239019]}, "properties": {"id": 868573019, "type": "arterial_road", "name": "Unnamed Asset", "criticality_weight": 0.6}}, {"type": "Feature", "geometry": {"type": "Point", "coordinates": [85.7853841, 20.0175945]}, "properties": {"id": 868573020, "type": "arterial_road", "name": "Unnamed Asset", "criticality_weight": 0.6}}, {"type": "Feature", "geometry": {"type": "Point", "coordinates": [85.7872502, 20.014411]}, "properties": {"id": 868573021, "type": "arterial_road", "name": "Unnamed Asset", "criticality_weight": 0.6}}, {"type": "Feature", "geometry": {"type": "Point", "coordinates": [85.7897401, 20.0091002]}, "properties": {"id": 868573022, "type": "arterial_road", "name": "Unnamed Asset", "criticality_weight": 0.6}}, {"type": "Feature", "geometry": {"type": "Point", "coordinates": [85.7891016, 20.0111989]}, "properties": {"id": 868573023, "type": "arterial_road", "name": "Unnamed Asset", "criticality_weight": 0.6}}, {"type": "Feature", "geometry": {"type": "Point", "coordinates": [85.6890511, 19.9389136]}, "properties": {"id": 868575623, "type": "arterial_road", "name": "Naya Jagannath Sadak", "criticality_weight": 0.6}}, {"type": "Feature", "geometry": {"type": "Point", "coordinates": [85.6917138, 19.9371782]}, "properties": {"id": 868575624, "type": "arterial_road", "name": "Naya Jagannath Sadak", "criticality_weight": 0.6}}, {"type": "Feature", "geometry": {"type": "Point", "coordinates": [85.698368, 19.9328224]}, "properties": {"id": 868576640, "type": "arterial_road", "name": "Naya Jagannath Sadak", "criticality_weight": 0.6}}, {"type": "Feature", "geometry": {"type": "Point", "coordinates": [85.6965192, 19.9340492]}, "properties": {"id": 868576641, "type": "arterial_road", "name": "Naya Jagannath Sadak", "criticality_weight": 0.6}}, {"type": "Feature", "geometry": {"type": "Point", "coordinates": [85.8913751, 19.8376034]}, "properties": {"id": 868601150, "type": "arterial_road", "name": "Unnamed Asset", "criticality_weight": 0.6}}, {"type": "Feature", "geometry": {"type": "Point", "coordinates": [85.8715606, 19.8301169]}, "properties": {"id": 868601151, "type": "arterial_road", "name": "Unnamed Asset", "criticality_weight": 0.6}}, {"type": "Feature", "geometry": {"type": "Point", "coordinates": [85.8715606, 19.8301256]}, "properties": {"id": 868601152, "type": "arterial_road", "name": "Unnamed Asset", "criticality_weight": 0.6}}, {"type": "Feature", "geometry": {"type": "Point", "coordinates": [85.7089081, 19.9265405]}, "properties": {"id": 868604413, "type": "arterial_road", "name": "Naya Jagannath Sadak", "criticality_weight": 0.6}}, {"type": "Feature", "geometry": {"type": "Point", "coordinates": [85.7157846, 19.9241866]}, "properties": {"id": 868604414, "type": "arterial_road", "name": "Naya Jagannath Sadak", "criticality_weight": 0.6}}, {"type": "Feature", "geometry": {"type": "Point", "coordinates": [85.703006, 19.929729]}, "properties": {"id": 868604415, "type": "arterial_road", "name": "Naya Jagannath Sadak", "criticality_weight": 0.6}}, {"type": "Feature", "geometry": {"type": "Point", "coordinates": [85.7007129, 19.9312577]}, "properties": {"id": 868604416, "type": "arterial_road", "name": "Naya Jagannath Sadak", "criticality_weight": 0.6}}, {"type": "Feature", "geometry": {"type": "Point", "coordinates": [85.8542841, 19.8154036]}, "properties": {"id": 868605444, "type": "arterial_road", "name": "Unnamed Asset", "criticality_weight": 0.6}}, {"type": "Feature", "geometry": {"type": "Point", "coordinates": [85.8577198, 19.8247193]}, "properties": {"id": 868605447, "type": "arterial_road", "name": "Unnamed Asset", "criticality_weight": 0.6}}, {"type": "Feature", "geometry": {"type": "Point", "coordinates": [85.8610737, 19.8256408]}, "properties": {"id": 868605448, "type": "arterial_road", "name": "Unnamed Asset", "criticality_weight": 0.6}}, {"type": "Feature", "geometry": {"type": "Point", "coordinates": [86.0140333, 19.9824008]}, "properties": {"id": 868626830, "type": "arterial_road", "name": "Gop - Balighai Road", "criticality_weight": 0.6}}, {"type": "Feature", "geometry": {"type": "Point", "coordinates": [86.0137129, 19.9821442]}, "properties": {"id": 868626831, "type": "arterial_road", "name": "Gop - Balighai Road", "criticality_weight": 0.6}}, {"type": "Feature", "geometry": {"type": "Point", "coordinates": [86.0287715, 20.0645693]}, "properties": {"id": 868922975, "type": "arterial_road", "name": "Nimapada-Charichhak-Astaranga Road", "criticality_weight": 0.6}}, {"type": "Feature", "geometry": {"type": "Point", "coordinates": [86.0405283, 20.0650746]}, "properties": {"id": 868922976, "type": "arterial_road", "name": "Nimapada-Charichhak-Astaranga Road", "criticality_weight": 0.6}}, {"type": "Feature", "geometry": {"type": "Point", "coordinates": [86.0524434, 20.0639312]}, "properties": {"id": 868954988, "type": "arterial_road", "name": "Nimapada-Charichhak-Astaranga Road", "criticality_weight": 0.6}}, {"type": "Feature", "geometry": {"type": "Point", "coordinates": [86.0190476, 19.9415061]}, "properties": {"id": 868987463, "type": "arterial_road", "name": "Unnamed Asset", "criticality_weight": 0.6}}, {"type": "Feature", "geometry": {"type": "Point", "coordinates": [86.0325176, 19.9572692]}, "properties": {"id": 868993754, "type": "arterial_road", "name": "Unnamed Asset", "criticality_weight": 0.6}}, {"type": "Feature", "geometry": {"type": "Point", "coordinates": [86.0337653, 19.9592625]}, "properties": {"id": 868993755, "type": "arterial_road", "name": "Unnamed Asset", "criticality_weight": 0.6}}, {"type": "Feature", "geometry": {"type": "Point", "coordinates": [85.6525113, 19.9610486]}, "properties": {"id": 869009100, "type": "arterial_road", "name": "Naya Jagannath Sadak", "criticality_weight": 0.6}}, {"type": "Feature", "geometry": {"type": "Point", "coordinates": [85.6466639, 19.9643422]}, "properties": {"id": 869009101, "type": "arterial_road", "name": "Naya Jagannath Sadak", "criticality_weight": 0.6}}, {"type": "Feature", "geometry": {"type": "Point", "coordinates": [85.83128, 19.8129795]}, "properties": {"id": 869053399, "type": "arterial_road", "name": "VIP Road", "criticality_weight": 0.6}}, {"type": "Feature", "geometry": {"type": "Point", "coordinates": [85.8311896, 19.8129541]}, "properties": {"id": 869053400, "type": "arterial_road", "name": "VIP Road", "criticality_weight": 0.6}}, {"type": "Feature", "geometry": {"type": "Point", "coordinates": [85.8265808, 19.8103889]}, "properties": {"id": 869053401, "type": "arterial_road", "name": "Grand Road", "criticality_weight": 0.6}}, {"type": "Feature", "geometry": {"type": "Point", "coordinates": [85.82016, 19.8052675]}, "properties": {"id": 869053402, "type": "arterial_road", "name": "Grand Road", "criticality_weight": 0.6}}, {"type": "Feature", "geometry": {"type": "Point", "coordinates": [85.8345221, 19.8147443]}, "properties": {"id": 869053403, "type": "arterial_road", "name": "Unnamed Asset", "criticality_weight": 0.6}}, {"type": "Feature", "geometry": {"type": "Point", "coordinates": [85.8389998, 19.8170688]}, "properties": {"id": 869053404, "type": "arterial_road", "name": "Unnamed Asset", "criticality_weight": 0.6}}, {"type": "Feature", "geometry": {"type": "Point", "coordinates": [85.8042995, 19.8923987]}, "properties": {"id": 869078248, "type": "arterial_road", "name": "Bhubaneswar Puri Highway", "criticality_weight": 0.6}}, {"type": "Feature", "geometry": {"type": "Point", "coordinates": [85.8044223, 19.8923685]}, "properties": {"id": 869078249, "type": "arterial_road", "name": "Bhubaneswar Puri Highway", "criticality_weight": 0.6}}, {"type": "Feature", "geometry": {"type": "Point", "coordinates": [85.8051389, 19.8941152]}, "properties": {"id": 869078250, "type": "arterial_road", "name": "Bhubaneswar Puri Highway", "criticality_weight": 0.6}}, {"type": "Feature", "geometry": {"type": "Point", "coordinates": [85.8050102, 19.8941235]}, "properties": {"id": 869078251, "type": "arterial_road", "name": "Bhubaneswar Puri Highway", "criticality_weight": 0.6}}, {"type": "Feature", "geometry": {"type": "Point", "coordinates": [86.0443345, 20.0077005]}, "properties": {"id": 869089988, "type": "arterial_road", "name": "Unnamed Asset", "criticality_weight": 0.6}}, {"type": "Feature", "geometry": {"type": "Point", "coordinates": [86.0503987, 20.0151057]}, "properties": {"id": 869089989, "type": "arterial_road", "name": "Unnamed Asset", "criticality_weight": 0.6}}, {"type": "Feature", "geometry": {"type": "Point", "coordinates": [86.0576771, 20.0233091]}, "properties": {"id": 869089990, "type": "arterial_road", "name": "Unnamed Asset", "criticality_weight": 0.6}}, {"type": "Feature", "geometry": {"type": "Point", "coordinates": [86.0564591, 20.0225003]}, "properties": {"id": 869089991, "type": "arterial_road", "name": "Unnamed Asset", "criticality_weight": 0.6}}, {"type": "Feature", "geometry": {"type": "Point", "coordinates": [85.6706719, 19.9489095]}, "properties": {"id": 869096642, "type": "arterial_road", "name": "Naya Jagannath Sadak", "criticality_weight": 0.6}}, {"type": "Feature", "geometry": {"type": "Point", "coordinates": [85.6802447, 19.9439342]}, "properties": {"id": 869096643, "type": "arterial_road", "name": "Naya Jagannath Sadak", "criticality_weight": 0.6}}, {"type": "Feature", "geometry": {"type": "Point", "coordinates": [86.0264021, 19.9434781]}, "properties": {"id": 869098496, "type": "arterial_road", "name": "Unnamed Asset", "criticality_weight": 0.6}}, {"type": "Feature", "geometry": {"type": "Point", "coordinates": [86.0327918, 19.9521809]}, "properties": {"id": 869098497, "type": "arterial_road", "name": "Unnamed Asset", "criticality_weight": 0.6}}, {"type": "Feature", "geometry": {"type": "Point", "coordinates": [86.1961328, 20.0019985]}, "properties": {"id": 869547692, "type": "arterial_road", "name": "Unnamed Asset", "criticality_weight": 0.6}}, {"type": "Feature", "geometry": {"type": "Point", "coordinates": [86.1880445, 20.0061352]}, "properties": {"id": 869547693, "type": "arterial_road", "name": "Nimapada-Charichhak-Astaranga Road", "criticality_weight": 0.6}}, {"type": "Feature", "geometry": {"type": "Point", "coordinates": [86.1965376, 20.0006898]}, "properties": {"id": 869937818, "type": "arterial_road", "name": "Unnamed Asset", "criticality_weight": 0.6}}, {"type": "Feature", "geometry": {"type": "Point", "coordinates": [85.7903838, 20.0069867]}, "properties": {"id": 869964696, "type": "arterial_road", "name": "Unnamed Asset", "criticality_weight": 0.6}}, {"type": "Feature", "geometry": {"type": "Point", "coordinates": [85.8042571, 19.9936912]}, "properties": {"id": 869964697, "type": "arterial_road", "name": "Unnamed Asset", "criticality_weight": 0.6}}, {"type": "Feature", "geometry": {"type": "Point", "coordinates": [86.0512547, 19.9677202]}, "properties": {"id": 869965459, "type": "arterial_road", "name": "Unnamed Asset", "criticality_weight": 0.6}}, {"type": "Feature", "geometry": {"type": "Point", "coordinates": [85.8437396, 19.8039548]}, "properties": {"id": 869971830, "type": "arterial_road", "name": "Unnamed Asset", "criticality_weight": 0.6}}, {"type": "Feature", "geometry": {"type": "Point", "coordinates": [85.8435379, 19.8047009]}, "properties": {"id": 869971831, "type": "arterial_road", "name": "Unnamed Asset", "criticality_weight": 0.6}}, {"type": "Feature", "geometry": {"type": "Point", "coordinates": [85.8476356, 19.8095711]}, "properties": {"id": 869974644, "type": "arterial_road", "name": "Unnamed Asset", "criticality_weight": 0.6}}, {"type": "Feature", "geometry": {"type": "Point", "coordinates": [85.8777439, 20.0389597]}, "properties": {"id": 869976829, "type": "arterial_road", "name": "Satasankha-Balanga-Nimapada Road", "criticality_weight": 0.6}}, {"type": "Feature", "geometry": {"type": "Point", "coordinates": [85.8771163, 20.0385688]}, "properties": {"id": 869976830, "type": "arterial_road", "name": "Satasankha-Balanga-Nimapada Road", "criticality_weight": 0.6}}, {"type": "Feature", "geometry": {"type": "Point", "coordinates": [86.0472296, 19.946832]}, "properties": {"id": 869983416, "type": "arterial_road", "name": "Unnamed Asset", "criticality_weight": 0.6}}, {"type": "Feature", "geometry": {"type": "Point", "coordinates": [86.0204458, 19.9774984]}, "properties": {"id": 869983417, "type": "arterial_road", "name": "Unnamed Asset", "criticality_weight": 0.6}}, {"type": "Feature", "geometry": {"type": "Point", "coordinates": [85.8100313, 19.8163539]}, "properties": {"id": 869984349, "type": "arterial_road", "name": "Unnamed Asset", "criticality_weight": 0.6}}, {"type": "Feature", "geometry": {"type": "Point", "coordinates": [85.7919145, 19.8116087]}, "properties": {"id": 869984351, "type": "arterial_road", "name": "Unnamed Asset", "criticality_weight": 0.6}}, {"type": "Feature", "geometry": {"type": "Point", "coordinates": [86.0309821, 19.9471386]}, "properties": {"id": 869995196, "type": "arterial_road", "name": "Unnamed Asset", "criticality_weight": 0.6}}, {"type": "Feature", "geometry": {"type": "Point", "coordinates": [86.0286956, 19.9453249]}, "properties": {"id": 869995197, "type": "arterial_road", "name": "Unnamed Asset", "criticality_weight": 0.6}}, {"type": "Feature", "geometry": {"type": "Point", "coordinates": [85.8737505, 20.0350701]}, "properties": {"id": 870002859, "type": "arterial_road", "name": "Satasankha-Balanga-Nimapada Road", "criticality_weight": 0.6}}, {"type": "Feature", "geometry": {"type": "Point", "coordinates": [85.8704265, 20.031494]}, "properties": {"id": 870002860, "type": "arterial_road", "name": "Satasankha-Balanga-Nimapada Road", "criticality_weight": 0.6}}, {"type": "Feature", "geometry": {"type": "Point", "coordinates": [85.831885, 19.8104364]}, "properties": {"id": 870113499, "type": "arterial_road", "name": "VIP Road", "criticality_weight": 0.6}}, {"type": "Feature", "geometry": {"type": "Point", "coordinates": [85.8330859, 19.8064339]}, "properties": {"id": 870113500, "type": "arterial_road", "name": "VIP Road", "criticality_weight": 0.6}}, {"type": "Feature", "geometry": {"type": "Point", "coordinates": [85.8329938, 19.8064546]}, "properties": {"id": 870113501, "type": "arterial_road", "name": "VIP Road", "criticality_weight": 0.6}}, {"type": "Feature", "geometry": {"type": "Point", "coordinates": [85.8348593, 19.8006033]}, "properties": {"id": 870322560, "type": "arterial_road", "name": "Marine Drive Road", "criticality_weight": 0.6}}, {"type": "Feature", "geometry": {"type": "Point", "coordinates": [85.8332476, 19.8001575]}, "properties": {"id": 870322561, "type": "arterial_road", "name": "Marine Drive Road", "criticality_weight": 0.6}}, {"type": "Feature", "geometry": {"type": "Point", "coordinates": [85.8317915, 19.7999751]}, "properties": {"id": 870325278, "type": "arterial_road", "name": "Unnamed Asset", "criticality_weight": 0.6}}, {"type": "Feature", "geometry": {"type": "Point", "coordinates": [86.0244962, 19.9702476]}, "properties": {"id": 870489480, "type": "arterial_road", "name": "Unnamed Asset", "criticality_weight": 0.6}}, {"type": "Feature", "geometry": {"type": "Point", "coordinates": [86.0358741, 19.9585391]}, "properties": {"id": 870489481, "type": "arterial_road", "name": "Unnamed Asset", "criticality_weight": 0.6}}, {"type": "Feature", "geometry": {"type": "Point", "coordinates": [85.8665217, 20.0266019]}, "properties": {"id": 870601873, "type": "arterial_road", "name": "Satasankha-Balanga-Nimapada Road", "criticality_weight": 0.6}}, {"type": "Feature", "geometry": {"type": "Point", "coordinates": [85.8684597, 20.029034]}, "properties": {"id": 870601874, "type": "arterial_road", "name": "Satasankha-Balanga-Nimapada Road", "criticality_weight": 0.6}}, {"type": "Feature", "geometry": {"type": "Point", "coordinates": [86.1792904, 20.0013544]}, "properties": {"id": 870628667, "type": "arterial_road", "name": "Unnamed Asset", "criticality_weight": 0.6}}, {"type": "Feature", "geometry": {"type": "Point", "coordinates": [85.8363153, 19.8511902]}, "properties": {"id": 870628929, "type": "arterial_road", "name": "Bhubaneswar Puri Highway", "criticality_weight": 0.6}}, {"type": "Feature", "geometry": {"type": "Point", "coordinates": [85.8363517, 19.8499187]}, "properties": {"id": 870628930, "type": "arterial_road", "name": "Bhubaneswar Puri Highway", "criticality_weight": 0.6}}, {"type": "Feature", "geometry": {"type": "Point", "coordinates": [85.8361468, 19.8510833]}, "properties": {"id": 870628931, "type": "arterial_road", "name": "Bhubaneswar Puri Highway", "criticality_weight": 0.6}}, {"type": "Feature", "geometry": {"type": "Point", "coordinates": [85.8368515, 19.8393283]}, "properties": {"id": 870643923, "type": "arterial_road", "name": "Bhubaneswar Puri Highway", "criticality_weight": 0.6}}, {"type": "Feature", "geometry": {"type": "Point", "coordinates": [85.8369926, 19.8455466]}, "properties": {"id": 870643924, "type": "arterial_road", "name": "Bhubaneswar Puri Highway", "criticality_weight": 0.6}}, {"type": "Feature", "geometry": {"type": "Point", "coordinates": [85.8369987, 19.8444895]}, "properties": {"id": 870643925, "type": "arterial_road", "name": "Bhubaneswar Puri Highway", "criticality_weight": 0.6}}, {"type": "Feature", "geometry": {"type": "Point", "coordinates": [85.8181839, 19.980159]}, "properties": {"id": 870650086, "type": "arterial_road", "name": "Unnamed Asset", "criticality_weight": 0.6}}, {"type": "Feature", "geometry": {"type": "Point", "coordinates": [85.818106, 19.9804127]}, "properties": {"id": 870650087, "type": "arterial_road", "name": "Unnamed Asset", "criticality_weight": 0.6}}, {"type": "Feature", "geometry": {"type": "Point", "coordinates": [85.8183335, 19.9799685]}, "properties": {"id": 870650088, "type": "arterial_road", "name": "Unnamed Asset", "criticality_weight": 0.6}}, {"type": "Feature", "geometry": {"type": "Point", "coordinates": [85.8216692, 19.9798746]}, "properties": {"id": 870650089, "type": "arterial_road", "name": "Unnamed Asset", "criticality_weight": 0.6}}, {"type": "Feature", "geometry": {"type": "Point", "coordinates": [85.8254108, 19.9600319]}, "properties": {"id": 870652368, "type": "arterial_road", "name": "Bhubaneswar Puri Highway", "criticality_weight": 0.6}}, {"type": "Feature", "geometry": {"type": "Point", "coordinates": [85.8245119, 19.9693829]}, "properties": {"id": 870652369, "type": "arterial_road", "name": "Bhubaneswar Puri Highway", "criticality_weight": 0.6}}, {"type": "Feature", "geometry": {"type": "Point", "coordinates": [85.8246698, 19.9765817]}, "properties": {"id": 870652370, "type": "arterial_road", "name": "Bhubaneswar Puri Highway", "criticality_weight": 0.6}}, {"type": "Feature", "geometry": {"type": "Point", "coordinates": [85.824394, 19.9693856]}, "properties": {"id": 870652371, "type": "arterial_road", "name": "Bhubaneswar Puri Highway", "criticality_weight": 0.6}}, {"type": "Feature", "geometry": {"type": "Point", "coordinates": [85.8172859, 19.875626]}, "properties": {"id": 870684097, "type": "arterial_road", "name": "Unnamed Asset", "criticality_weight": 0.6}}, {"type": "Feature", "geometry": {"type": "Point", "coordinates": [85.816854, 19.875852]}, "properties": {"id": 870684098, "type": "arterial_road", "name": "Unnamed Asset", "criticality_weight": 0.6}}, {"type": "Feature", "geometry": {"type": "Point", "coordinates": [85.8169657, 19.8756244]}, "properties": {"id": 870684099, "type": "arterial_road", "name": "Bhubaneswar Puri Highway", "criticality_weight": 0.6}}, {"type": "Feature", "geometry": {"type": "Point", "coordinates": [85.8169109, 19.875598]}, "properties": {"id": 870684100, "type": "arterial_road", "name": "Unnamed Asset", "criticality_weight": 0.6}}, {"type": "Feature", "geometry": {"type": "Point", "coordinates": [85.8170649, 19.8758847]}, "properties": {"id": 870684101, "type": "arterial_road", "name": "Unnamed Asset", "criticality_weight": 0.6}}, {"type": "Feature", "geometry": {"type": "Point", "coordinates": [86.0185149, 19.9902277]}, "properties": {"id": 870757421, "type": "arterial_road", "name": "Unnamed Asset", "criticality_weight": 0.6}}, {"type": "Feature", "geometry": {"type": "Point", "coordinates": [86.0225419, 19.993625]}, "properties": {"id": 870757422, "type": "arterial_road", "name": "Unnamed Asset", "criticality_weight": 0.6}}, {"type": "Feature", "geometry": {"type": "Point", "coordinates": [86.0265565, 19.9969794]}, "properties": {"id": 870757423, "type": "arterial_road", "name": "Unnamed Asset", "criticality_weight": 0.6}}, {"type": "Feature", "geometry": {"type": "Point", "coordinates": [86.0354379, 20.0023296]}, "properties": {"id": 870757424, "type": "arterial_road", "name": "Unnamed Asset", "criticality_weight": 0.6}}, {"type": "Feature", "geometry": {"type": "Point", "coordinates": [85.759333, 19.9034464]}, "properties": {"id": 870762584, "type": "arterial_road", "name": "Naya Jagannath Sadak", "criticality_weight": 0.6}}, {"type": "Feature", "geometry": {"type": "Point", "coordinates": [85.7480549, 19.9071694]}, "properties": {"id": 870762585, "type": "arterial_road", "name": "Naya Jagannath Sadak", "criticality_weight": 0.6}}, {"type": "Feature", "geometry": {"type": "Point", "coordinates": [85.8818002, 20.0396363]}, "properties": {"id": 872040321, "type": "arterial_road", "name": "Satasankha-Balanga-Nimapada Road", "criticality_weight": 0.6}}, {"type": "Feature", "geometry": {"type": "Point", "coordinates": [85.8837634, 20.0403489]}, "properties": {"id": 872040322, "type": "arterial_road", "name": "Satasankha-Balanga-Nimapada Road", "criticality_weight": 0.6}}, {"type": "Feature", "geometry": {"type": "Point", "coordinates": [85.8925122, 20.0430921]}, "properties": {"id": 872040323, "type": "arterial_road", "name": "Satasankha-Balanga-Nimapada Road", "criticality_weight": 0.6}}, {"type": "Feature", "geometry": {"type": "Point", "coordinates": [85.9012915, 20.0449377]}, "properties": {"id": 872040324, "type": "arterial_road", "name": "Satasankha-Balanga-Nimapada Road", "criticality_weight": 0.6}}, {"type": "Feature", "geometry": {"type": "Point", "coordinates": [85.9137703, 20.0417458]}, "properties": {"id": 872040325, "type": "arterial_road", "name": "Satasankha-Balanga-Nimapada Road", "criticality_weight": 0.6}}, {"type": "Feature", "geometry": {"type": "Point", "coordinates": [85.8212769, 20.0257668]}, "properties": {"id": 872164700, "type": "arterial_road", "name": "Unnamed Asset", "criticality_weight": 0.6}}, {"type": "Feature", "geometry": {"type": "Point", "coordinates": [85.8152368, 20.0079874]}, "properties": {"id": 872164701, "type": "arterial_road", "name": "Unnamed Asset", "criticality_weight": 0.6}}, {"type": "Feature", "geometry": {"type": "Point", "coordinates": [85.7959054, 19.8972474]}, "properties": {"id": 872170222, "type": "arterial_road", "name": "Unnamed Asset", "criticality_weight": 0.6}}, {"type": "Feature", "geometry": {"type": "Point", "coordinates": [85.7852028, 19.8979803]}, "properties": {"id": 872170223, "type": "arterial_road", "name": "Unnamed Asset", "criticality_weight": 0.6}}, {"type": "Feature", "geometry": {"type": "Point", "coordinates": [85.7897957, 19.8983251]}, "properties": {"id": 872175073, "type": "arterial_road", "name": "Naya Jagannath Sadak", "criticality_weight": 0.6}}, {"type": "Feature", "geometry": {"type": "Point", "coordinates": [85.8008388, 19.8967167]}, "properties": {"id": 872175074, "type": "arterial_road", "name": "Naya Jagannath Sadak", "criticality_weight": 0.6}}, {"type": "Feature", "geometry": {"type": "Point", "coordinates": [85.7786171, 19.8999862]}, "properties": {"id": 872223941, "type": "arterial_road", "name": "Naya Jagannath Sadak", "criticality_weight": 0.6}}, {"type": "Feature", "geometry": {"type": "Point", "coordinates": [85.7689016, 19.9017439]}, "properties": {"id": 872223942, "type": "arterial_road", "name": "Naya Jagannath Sadak", "criticality_weight": 0.6}}, {"type": "Feature", "geometry": {"type": "Point", "coordinates": [86.1472184, 20.0282742]}, "properties": {"id": 872241314, "type": "arterial_road", "name": "Nimapada-Charichhak-Astaranga Road", "criticality_weight": 0.6}}, {"type": "Feature", "geometry": {"type": "Point", "coordinates": [86.1795633, 20.0104446]}, "properties": {"id": 872241315, "type": "arterial_road", "name": "Nimapada-Charichhak-Astaranga Road", "criticality_weight": 0.6}}, {"type": "Feature", "geometry": {"type": "Point", "coordinates": [85.8103902, 19.8998113]}, "properties": {"id": 872263139, "type": "arterial_road", "name": "Unnamed Asset", "criticality_weight": 0.6}}, {"type": "Feature", "geometry": {"type": "Point", "coordinates": [85.8104474, 19.9000207]}, "properties": {"id": 872263140, "type": "arterial_road", "name": "Unnamed Asset", "criticality_weight": 0.6}}, {"type": "Feature", "geometry": {"type": "Point", "coordinates": [85.8103038, 19.900708]}, "properties": {"id": 872263143, "type": "arterial_road", "name": "Unnamed Asset", "criticality_weight": 0.6}}, {"type": "Feature", "geometry": {"type": "Point", "coordinates": [85.8105364, 19.9006325]}, "properties": {"id": 872263144, "type": "arterial_road", "name": "Unnamed Asset", "criticality_weight": 0.6}}, {"type": "Feature", "geometry": {"type": "Point", "coordinates": [85.8102231, 19.9004565]}, "properties": {"id": 872263145, "type": "arterial_road", "name": "Unnamed Asset", "criticality_weight": 0.6}}, {"type": "Feature", "geometry": {"type": "Point", "coordinates": [85.8102205, 19.9006588]}, "properties": {"id": 872263146, "type": "arterial_road", "name": "Unnamed Asset", "criticality_weight": 0.6}}, {"type": "Feature", "geometry": {"type": "Point", "coordinates": [85.8104307, 19.9004233]}, "properties": {"id": 872263147, "type": "arterial_road", "name": "Unnamed Asset", "criticality_weight": 0.6}}, {"type": "Feature", "geometry": {"type": "Point", "coordinates": [85.8103761, 19.9003989]}, "properties": {"id": 872263148, "type": "arterial_road", "name": "Unnamed Asset", "criticality_weight": 0.6}}, {"type": "Feature", "geometry": {"type": "Point", "coordinates": [85.8063266, 19.8972504]}, "properties": {"id": 872267415, "type": "arterial_road", "name": "Bhubaneswar Puri Highway", "criticality_weight": 0.6}}, {"type": "Feature", "geometry": {"type": "Point", "coordinates": [85.8059451, 19.8963551]}, "properties": {"id": 872267416, "type": "arterial_road", "name": "Bhubaneswar Puri Highway", "criticality_weight": 0.6}}, {"type": "Feature", "geometry": {"type": "Point", "coordinates": [85.8060627, 19.8963382]}, "properties": {"id": 872267417, "type": "arterial_road", "name": "Bhubaneswar Puri Highway", "criticality_weight": 0.6}}, {"type": "Feature", "geometry": {"type": "Point", "coordinates": [85.8064388, 19.8972537]}, "properties": {"id": 872267418, "type": "arterial_road", "name": "Bhubaneswar Puri Highway", "criticality_weight": 0.6}}, {"type": "Feature", "geometry": {"type": "Point", "coordinates": [86.2099244, 19.9986958]}, "properties": {"id": 872798975, "type": "arterial_road", "name": "Unnamed Asset", "criticality_weight": 0.6}}, {"type": "Feature", "geometry": {"type": "Point", "coordinates": [86.0418, 19.8571026]}, "properties": {"id": 872823113, "type": "arterial_road", "name": "Unnamed Asset", "criticality_weight": 0.6}}, {"type": "Feature", "geometry": {"type": "Point", "coordinates": [86.0385162, 19.8580593]}, "properties": {"id": 872823114, "type": "arterial_road", "name": "Unnamed Asset", "criticality_weight": 0.6}}, {"type": "Feature", "geometry": {"type": "Point", "coordinates": [86.0542695, 19.8562202]}, "properties": {"id": 872823115, "type": "arterial_road", "name": "Unnamed Asset", "criticality_weight": 0.6}}, {"type": "Feature", "geometry": {"type": "Point", "coordinates": [86.0450547, 19.8561764]}, "properties": {"id": 872823116, "type": "arterial_road", "name": "Unnamed Asset", "criticality_weight": 0.6}}, {"type": "Feature", "geometry": {"type": "Point", "coordinates": [85.7288826, 20.1510264]}, "properties": {"id": 872830913, "type": "arterial_road", "name": "Unnamed Asset", "criticality_weight": 0.6}}, {"type": "Feature", "geometry": {"type": "Point", "coordinates": [85.9375208, 20.0850645]}, "properties": {"id": 872848920, "type": "arterial_road", "name": "Unnamed Asset", "criticality_weight": 0.6}}, {"type": "Feature", "geometry": {"type": "Point", "coordinates": [85.9404661, 20.0849585]}, "properties": {"id": 872848921, "type": "arterial_road", "name": "Unnamed Asset", "criticality_weight": 0.6}}, {"type": "Feature", "geometry": {"type": "Point", "coordinates": [85.949766, 20.0833418]}, "properties": {"id": 872874732, "type": "arterial_road", "name": "Unnamed Asset", "criticality_weight": 0.6}}, {"type": "Feature", "geometry": {"type": "Point", "coordinates": [85.9477926, 20.083939]}, "properties": {"id": 872874733, "type": "arterial_road", "name": "Unnamed Asset", "criticality_weight": 0.6}}, {"type": "Feature", "geometry": {"type": "Point", "coordinates": [86.0671933, 20.062827]}, "properties": {"id": 872877450, "type": "arterial_road", "name": "Nimapada-Charichhak-Astaranga Road", "criticality_weight": 0.6}}, {"type": "Feature", "geometry": {"type": "Point", "coordinates": [85.9227823, 20.090912]}, "properties": {"id": 872903773, "type": "arterial_road", "name": "Unnamed Asset", "criticality_weight": 0.6}}, {"type": "Feature", "geometry": {"type": "Point", "coordinates": [85.9249989, 20.0896883]}, "properties": {"id": 872903774, "type": "arterial_road", "name": "Unnamed Asset", "criticality_weight": 0.6}}, {"type": "Feature", "geometry": {"type": "Point", "coordinates": [85.8253018, 19.9600726]}, "properties": {"id": 872962329, "type": "arterial_road", "name": "Bhubaneswar Puri Highway", "criticality_weight": 0.6}}, {"type": "Feature", "geometry": {"type": "Point", "coordinates": [85.825261, 19.9507582]}, "properties": {"id": 872962330, "type": "arterial_road", "name": "Bhubaneswar Puri Highway", "criticality_weight": 0.6}}, {"type": "Feature", "geometry": {"type": "Point", "coordinates": [85.9264827, 20.038542]}, "properties": {"id": 872965451, "type": "arterial_road", "name": "Satasankha-Balanga-Nimapada Road", "criticality_weight": 0.6}}, {"type": "Feature", "geometry": {"type": "Point", "coordinates": [85.933932, 20.0409665]}, "properties": {"id": 872965452, "type": "arterial_road", "name": "Satasankha-Balanga-Nimapada Road", "criticality_weight": 0.6}}, {"type": "Feature", "geometry": {"type": "Point", "coordinates": [85.8182733, 19.9182989]}, "properties": {"id": 872995450, "type": "arterial_road", "name": "Unnamed Asset", "criticality_weight": 0.6}}, {"type": "Feature", "geometry": {"type": "Point", "coordinates": [85.8175427, 19.9132541]}, "properties": {"id": 873015280, "type": "arterial_road", "name": "Bhubaneswar Puri Highway", "criticality_weight": 0.6}}, {"type": "Feature", "geometry": {"type": "Point", "coordinates": [85.8180291, 19.9163566]}, "properties": {"id": 873015281, "type": "arterial_road", "name": "Bhubaneswar Puri Highway", "criticality_weight": 0.6}}, {"type": "Feature", "geometry": {"type": "Point", "coordinates": [85.8184332, 19.9228448]}, "properties": {"id": 873015282, "type": "arterial_road", "name": "Bhubaneswar Puri Highway", "criticality_weight": 0.6}}, {"type": "Feature", "geometry": {"type": "Point", "coordinates": [85.8179141, 19.9163682]}, "properties": {"id": 873015283, "type": "arterial_road", "name": "Bhubaneswar Puri Highway", "criticality_weight": 0.6}}, {"type": "Feature", "geometry": {"type": "Point", "coordinates": [85.81855, 19.9228284]}, "properties": {"id": 873042385, "type": "arterial_road", "name": "Bhubaneswar Puri Highway", "criticality_weight": 0.6}}, {"type": "Feature", "geometry": {"type": "Point", "coordinates": [85.819063, 19.9293097]}, "properties": {"id": 873042386, "type": "arterial_road", "name": "Bhubaneswar Puri Highway", "criticality_weight": 0.6}}, {"type": "Feature", "geometry": {"type": "Point", "coordinates": [85.8197281, 19.9359264]}, "properties": {"id": 873042387, "type": "arterial_road", "name": "Bhubaneswar Puri Highway", "criticality_weight": 0.6}}, {"type": "Feature", "geometry": {"type": "Point", "coordinates": [85.8189417, 19.9293278]}, "properties": {"id": 873042388, "type": "arterial_road", "name": "Bhubaneswar Puri Highway", "criticality_weight": 0.6}}, {"type": "Feature", "geometry": {"type": "Point", "coordinates": [85.8198417, 19.9359078]}, "properties": {"id": 873042391, "type": "arterial_road", "name": "Bhubaneswar Puri Highway", "criticality_weight": 0.6}}, {"type": "Feature", "geometry": {"type": "Point", "coordinates": [85.8206846, 19.9439413]}, "properties": {"id": 873042392, "type": "arterial_road", "name": "Bhubaneswar Puri Highway", "criticality_weight": 0.6}}, {"type": "Feature", "geometry": {"type": "Point", "coordinates": [85.8207858, 19.9439331]}, "properties": {"id": 873042393, "type": "arterial_road", "name": "Bhubaneswar Puri Highway", "criticality_weight": 0.6}}, {"type": "Feature", "geometry": {"type": "Point", "coordinates": [85.8237487, 19.9496173]}, "properties": {"id": 873042394, "type": "arterial_road", "name": "Bhubaneswar Puri Highway", "criticality_weight": 0.6}}, {"type": "Feature", "geometry": {"type": "Point", "coordinates": [85.9540391, 20.0474151]}, "properties": {"id": 873310935, "type": "arterial_road", "name": "Satasankha-Balanga-Nimapada Road", "criticality_weight": 0.6}}, {"type": "Feature", "geometry": {"type": "Point", "coordinates": [85.9475658, 20.0460013]}, "properties": {"id": 873310936, "type": "arterial_road", "name": "Satasankha-Balanga-Nimapada Road", "criticality_weight": 0.6}}, {"type": "Feature", "geometry": {"type": "Point", "coordinates": [85.9411521, 20.0439872]}, "properties": {"id": 873310937, "type": "arterial_road", "name": "Satasankha-Balanga-Nimapada Road", "criticality_weight": 0.6}}, {"type": "Feature", "geometry": {"type": "Point", "coordinates": [85.9427076, 20.0444851]}, "properties": {"id": 873310938, "type": "arterial_road", "name": "Satasankha-Balanga-Nimapada Road", "criticality_weight": 0.6}}, {"type": "Feature", "geometry": {"type": "Point", "coordinates": [85.9457043, 20.0454249]}, "properties": {"id": 873315180, "type": "arterial_road", "name": "Satasankha-Balanga-Nimapada Road", "criticality_weight": 0.6}}, {"type": "Feature", "geometry": {"type": "Point", "coordinates": [85.9442215, 20.0449676]}, "properties": {"id": 873315181, "type": "arterial_road", "name": "Satasankha-Balanga-Nimapada Road", "criticality_weight": 0.6}}, {"type": "Feature", "geometry": {"type": "Point", "coordinates": [85.9573176, 20.0801311]}, "properties": {"id": 873325203, "type": "arterial_road", "name": "Unnamed Asset", "criticality_weight": 0.6}}, {"type": "Feature", "geometry": {"type": "Point", "coordinates": [85.9516742, 20.082742]}, "properties": {"id": 873325204, "type": "arterial_road", "name": "Unnamed Asset", "criticality_weight": 0.6}}, {"type": "Feature", "geometry": {"type": "Point", "coordinates": [85.9709348, 20.0739975]}, "properties": {"id": 873330348, "type": "arterial_road", "name": "Unnamed Asset", "criticality_weight": 0.6}}, {"type": "Feature", "geometry": {"type": "Point", "coordinates": [85.9631251, 20.0774549]}, "properties": {"id": 873330349, "type": "arterial_road", "name": "Unnamed Asset", "criticality_weight": 0.6}}, {"type": "Feature", "geometry": {"type": "Point", "coordinates": [85.9885779, 20.0875488]}, "properties": {"id": 873337785, "type": "arterial_road", "name": "Unnamed Asset", "criticality_weight": 0.6}}, {"type": "Feature", "geometry": {"type": "Point", "coordinates": [85.9914969, 20.0814398]}, "properties": {"id": 873337786, "type": "arterial_road", "name": "Unnamed Asset", "criticality_weight": 0.6}}, {"type": "Feature", "geometry": {"type": "Point", "coordinates": [86.0865795, 20.0816884]}, "properties": {"id": 873340430, "type": "arterial_road", "name": "Unnamed Asset", "criticality_weight": 0.6}}, {"type": "Feature", "geometry": {"type": "Point", "coordinates": [85.9913001, 20.0785536]}, "properties": {"id": 873355169, "type": "arterial_road", "name": "Unnamed Asset", "criticality_weight": 0.6}}, {"type": "Feature", "geometry": {"type": "Point", "coordinates": [85.9914711, 20.0756743]}, "properties": {"id": 873355170, "type": "arterial_road", "name": "Unnamed Asset", "criticality_weight": 0.6}}, {"type": "Feature", "geometry": {"type": "Point", "coordinates": [85.9923777, 20.075082]}, "properties": {"id": 873355171, "type": "arterial_road", "name": "Unnamed Asset", "criticality_weight": 0.6}}, {"type": "Feature", "geometry": {"type": "Point", "coordinates": [85.9932876, 20.0744905]}, "properties": {"id": 873355172, "type": "arterial_road", "name": "Unnamed Asset", "criticality_weight": 0.6}}, {"type": "Feature", "geometry": {"type": "Point", "coordinates": [86.0787715, 19.9832765]}, "properties": {"id": 873380585, "type": "arterial_road", "name": "Unnamed Asset", "criticality_weight": 0.6}}, {"type": "Feature", "geometry": {"type": "Point", "coordinates": [86.0730591, 19.9788142]}, "properties": {"id": 873380587, "type": "arterial_road", "name": "Unnamed Asset", "criticality_weight": 0.6}}, {"type": "Feature", "geometry": {"type": "Point", "coordinates": [86.1787373, 19.9403573]}, "properties": {"id": 873380658, "type": "arterial_road", "name": "Unnamed Asset", "criticality_weight": 0.6}}, {"type": "Feature", "geometry": {"type": "Point", "coordinates": [86.1784007, 19.9400463]}, "properties": {"id": 873380659, "type": "arterial_road", "name": "Unnamed Asset", "criticality_weight": 0.6}}, {"type": "Feature", "geometry": {"type": "Point", "coordinates": [86.1782287, 19.9398909]}, "properties": {"id": 873380660, "type": "arterial_road", "name": "Unnamed Asset", "criticality_weight": 0.6}}, {"type": "Feature", "geometry": {"type": "Point", "coordinates": [86.0930347, 19.9803548]}, "properties": {"id": 873390162, "type": "arterial_road", "name": "Unnamed Asset", "criticality_weight": 0.6}}, {"type": "Feature", "geometry": {"type": "Point", "coordinates": [86.0858049, 19.981879]}, "properties": {"id": 873390163, "type": "arterial_road", "name": "Unnamed Asset", "criticality_weight": 0.6}}, {"type": "Feature", "geometry": {"type": "Point", "coordinates": [85.6767481, 20.0881682]}, "properties": {"id": 873397153, "type": "arterial_road", "name": "Delang - Khurdha Road", "criticality_weight": 0.6}}, {"type": "Feature", "geometry": {"type": "Point", "coordinates": [85.6770029, 20.0881586]}, "properties": {"id": 873397154, "type": "arterial_road", "name": "Delang - Khurdha Road", "criticality_weight": 0.6}}, {"type": "Feature", "geometry": {"type": "Point", "coordinates": [85.8757973, 20.1080615]}, "properties": {"id": 873441516, "type": "arterial_road", "name": "Unnamed Asset", "criticality_weight": 0.6}}, {"type": "Feature", "geometry": {"type": "Point", "coordinates": [85.868552, 20.1137736]}, "properties": {"id": 873441517, "type": "arterial_road", "name": "Unnamed Asset", "criticality_weight": 0.6}}, {"type": "Feature", "geometry": {"type": "Point", "coordinates": [86.0838962, 20.0597454]}, "properties": {"id": 873991346, "type": "arterial_road", "name": "Nimapada-Charichhak-Astaranga Road", "criticality_weight": 0.6}}, {"type": "Feature", "geometry": {"type": "Point", "coordinates": [86.0859924, 20.0594481]}, "properties": {"id": 873991347, "type": "arterial_road", "name": "Nimapada-Charichhak-Astaranga Road", "criticality_weight": 0.6}}, {"type": "Feature", "geometry": {"type": "Point", "coordinates": [86.0675553, 19.9743048]}, "properties": {"id": 874012494, "type": "arterial_road", "name": "Unnamed Asset", "criticality_weight": 0.6}}, {"type": "Feature", "geometry": {"type": "Point", "coordinates": [85.8598856, 20.1974924]}, "properties": {"id": 874023841, "type": "arterial_road", "name": "Unnamed Asset", "criticality_weight": 0.6}}, {"type": "Feature", "geometry": {"type": "Point", "coordinates": [85.8597524, 20.1973887]}, "properties": {"id": 874023842, "type": "arterial_road", "name": "Unnamed Asset", "criticality_weight": 0.6}}, {"type": "Feature", "geometry": {"type": "Point", "coordinates": [85.8597932, 20.1971352]}, "properties": {"id": 874023843, "type": "arterial_road", "name": "Unnamed Asset", "criticality_weight": 0.6}}, {"type": "Feature", "geometry": {"type": "Point", "coordinates": [85.8596493, 20.1974973]}, "properties": {"id": 874023844, "type": "arterial_road", "name": "Unnamed Asset", "criticality_weight": 0.6}}, {"type": "Feature", "geometry": {"type": "Point", "coordinates": [86.1961182, 19.977089]}, "properties": {"id": 874480062, "type": "arterial_road", "name": "Unnamed Asset", "criticality_weight": 0.6}}, {"type": "Feature", "geometry": {"type": "Point", "coordinates": [86.1999312, 19.9897274]}, "properties": {"id": 874480063, "type": "arterial_road", "name": "Unnamed Asset", "criticality_weight": 0.6}}, {"type": "Feature", "geometry": {"type": "Point", "coordinates": [85.9860615, 20.0936714]}, "properties": {"id": 874482459, "type": "arterial_road", "name": "Unnamed Asset", "criticality_weight": 0.6}}, {"type": "Feature", "geometry": {"type": "Point", "coordinates": [85.9819799, 20.107347]}, "properties": {"id": 874482460, "type": "arterial_road", "name": "Unnamed Asset", "criticality_weight": 0.6}}, {"type": "Feature", "geometry": {"type": "Point", "coordinates": [86.1956903, 19.9762238]}, "properties": {"id": 874513523, "type": "arterial_road", "name": "Unnamed Asset", "criticality_weight": 0.6}}, {"type": "Feature", "geometry": {"type": "Point", "coordinates": [86.195385, 19.9756066]}, "properties": {"id": 874513524, "type": "arterial_road", "name": "Unnamed Asset", "criticality_weight": 0.6}}, {"type": "Feature", "geometry": {"type": "Point", "coordinates": [86.1940282, 19.9826998]}, "properties": {"id": 874515882, "type": "arterial_road", "name": "Unnamed Asset", "criticality_weight": 0.6}}, {"type": "Feature", "geometry": {"type": "Point", "coordinates": [86.1942419, 19.9778621]}, "properties": {"id": 874515883, "type": "arterial_road", "name": "Unnamed Asset", "criticality_weight": 0.6}}, {"type": "Feature", "geometry": {"type": "Point", "coordinates": [86.1946368, 19.9408715]}, "properties": {"id": 874516961, "type": "arterial_road", "name": "Bangurigaon-Bridge", "criticality_weight": 0.6}}, {"type": "Feature", "geometry": {"type": "Point", "coordinates": [85.8830689, 20.1023363]}, "properties": {"id": 874520918, "type": "arterial_road", "name": "Unnamed Asset", "criticality_weight": 0.6}}, {"type": "Feature", "geometry": {"type": "Point", "coordinates": [85.8843311, 20.1016058]}, "properties": {"id": 874520919, "type": "arterial_road", "name": "Unnamed Asset", "criticality_weight": 0.6}}, {"type": "Feature", "geometry": {"type": "Point", "coordinates": [85.8856288, 20.1009063]}, "properties": {"id": 874520920, "type": "arterial_road", "name": "Unnamed Asset", "criticality_weight": 0.6}}, {"type": "Feature", "geometry": {"type": "Point", "coordinates": [85.8872004, 20.1006174]}, "properties": {"id": 874520921, "type": "arterial_road", "name": "Unnamed Asset", "criticality_weight": 0.6}}, {"type": "Feature", "geometry": {"type": "Point", "coordinates": [85.9023501, 20.096814]}, "properties": {"id": 874520922, "type": "arterial_road", "name": "Unnamed Asset", "criticality_weight": 0.6}}, {"type": "Feature", "geometry": {"type": "Point", "coordinates": [85.8887651, 20.1003351]}, "properties": {"id": 874520923, "type": "arterial_road", "name": "Unnamed Asset", "criticality_weight": 0.6}}, {"type": "Feature", "geometry": {"type": "Point", "coordinates": [86.2388227, 19.9884783]}, "properties": {"id": 874546516, "type": "arterial_road", "name": "Unnamed Asset", "criticality_weight": 0.6}}, {"type": "Feature", "geometry": {"type": "Point", "coordinates": [86.2538457, 19.9815679]}, "properties": {"id": 874546517, "type": "arterial_road", "name": "Unnamed Asset", "criticality_weight": 0.6}}, {"type": "Feature", "geometry": {"type": "Point", "coordinates": [85.9714686, 20.0493121]}, "properties": {"id": 874580173, "type": "arterial_road", "name": "Satasankha-Balanga-Nimapada Road", "criticality_weight": 0.6}}, {"type": "Feature", "geometry": {"type": "Point", "coordinates": [85.9663836, 20.0483877]}, "properties": {"id": 874580174, "type": "arterial_road", "name": "Satasankha-Balanga-Nimapada Road", "criticality_weight": 0.6}}, {"type": "Feature", "geometry": {"type": "Point", "coordinates": [85.9658363, 20.0482858]}, "properties": {"id": 874580175, "type": "arterial_road", "name": "Satasankha-Balanga-Nimapada Road", "criticality_weight": 0.6}}, {"type": "Feature", "geometry": {"type": "Point", "coordinates": [85.9651737, 20.0481633]}, "properties": {"id": 874580176, "type": "arterial_road", "name": "Satasankha-Balanga-Nimapada Road", "criticality_weight": 0.6}}, {"type": "Feature", "geometry": {"type": "Point", "coordinates": [85.9626075, 20.0479652]}, "properties": {"id": 874580177, "type": "arterial_road", "name": "Satasankha-Balanga-Nimapada Road", "criticality_weight": 0.6}}, {"type": "Feature", "geometry": {"type": "Point", "coordinates": [85.9601504, 20.0478044]}, "properties": {"id": 874580178, "type": "arterial_road", "name": "Satasankha-Balanga-Nimapada Road", "criticality_weight": 0.6}}, {"type": "Feature", "geometry": {"type": "Point", "coordinates": [85.854067, 20.2018455]}, "properties": {"id": 874594496, "type": "arterial_road", "name": "Bhubaneswar Puri Highway", "criticality_weight": 0.6}}, {"type": "Feature", "geometry": {"type": "Point", "coordinates": [86.0996774, 19.8876279]}, "properties": {"id": 874650487, "type": "arterial_road", "name": "Unnamed Asset", "criticality_weight": 0.6}}, {"type": "Feature", "geometry": {"type": "Point", "coordinates": [86.0990915, 19.8876666]}, "properties": {"id": 874651753, "type": "arterial_road", "name": "Unnamed Asset", "criticality_weight": 0.6}}, {"type": "Feature", "geometry": {"type": "Point", "coordinates": [86.0948949, 19.8899792]}, "properties": {"id": 874654920, "type": "arterial_road", "name": "Unnamed Asset", "criticality_weight": 0.6}}, {"type": "Feature", "geometry": {"type": "Point", "coordinates": [85.8325503, 20.0733958]}, "properties": {"id": 874877641, "type": "arterial_road", "name": "Unnamed Asset", "criticality_weight": 0.6}}, {"type": "Feature", "geometry": {"type": "Point", "coordinates": [85.8320696, 20.0730706]}, "properties": {"id": 874882516, "type": "arterial_road", "name": "Unnamed Asset", "criticality_weight": 0.6}}, {"type": "Feature", "geometry": {"type": "Point", "coordinates": [85.919241, 20.0921387]}, "properties": {"id": 874962158, "type": "arterial_road", "name": "Unnamed Asset", "criticality_weight": 0.6}}, {"type": "Feature", "geometry": {"type": "Point", "coordinates": [85.9159281, 20.093283]}, "properties": {"id": 874962159, "type": "arterial_road", "name": "Unnamed Asset", "criticality_weight": 0.6}}, {"type": "Feature", "geometry": {"type": "Point", "coordinates": [85.769178, 20.1377776]}, "properties": {"id": 874969119, "type": "arterial_road", "name": "Unnamed Asset", "criticality_weight": 0.6}}, {"type": "Feature", "geometry": {"type": "Point", "coordinates": [85.7693011, 20.1375597]}, "properties": {"id": 874969120, "type": "arterial_road", "name": "Unnamed Asset", "criticality_weight": 0.6}}, {"type": "Feature", "geometry": {"type": "Point", "coordinates": [85.7700945, 20.1368142]}, "properties": {"id": 874969123, "type": "arterial_road", "name": "Unnamed Asset", "criticality_weight": 0.6}}, {"type": "Feature", "geometry": {"type": "Point", "coordinates": [85.7708756, 20.1361337]}, "properties": {"id": 874969124, "type": "arterial_road", "name": "Unnamed Asset", "criticality_weight": 0.6}}, {"type": "Feature", "geometry": {"type": "Point", "coordinates": [85.8074347, 20.1218948]}, "properties": {"id": 875113610, "type": "arterial_road", "name": "Unnamed Asset", "criticality_weight": 0.6}}, {"type": "Feature", "geometry": {"type": "Point", "coordinates": [85.7904306, 20.1285329]}, "properties": {"id": 875113611, "type": "arterial_road", "name": "Unnamed Asset", "criticality_weight": 0.6}}, {"type": "Feature", "geometry": {"type": "Point", "coordinates": [85.8440659, 20.1535664]}, "properties": {"id": 875422998, "type": "arterial_road", "name": "Unnamed Asset", "criticality_weight": 0.6}}, {"type": "Feature", "geometry": {"type": "Point", "coordinates": [85.8054408, 20.1225467]}, "properties": {"id": 875459378, "type": "arterial_road", "name": "Unnamed Asset", "criticality_weight": 0.6}}, {"type": "Feature", "geometry": {"type": "Point", "coordinates": [85.8063753, 20.1222405]}, "properties": {"id": 875459379, "type": "arterial_road", "name": "Unnamed Asset", "criticality_weight": 0.6}}, {"type": "Feature", "geometry": {"type": "Point", "coordinates": [85.8174638, 20.1186045]}, "properties": {"id": 875981785, "type": "arterial_road", "name": "Unnamed Asset", "criticality_weight": 0.6}}, {"type": "Feature", "geometry": {"type": "Point", "coordinates": [85.8125452, 20.120217]}, "properties": {"id": 875981786, "type": "arterial_road", "name": "Unnamed Asset", "criticality_weight": 0.6}}, {"type": "Feature", "geometry": {"type": "Point", "coordinates": [85.8195861, 20.1178936]}, "properties": {"id": 875981787, "type": "arterial_road", "name": "Unnamed Asset", "criticality_weight": 0.6}}, {"type": "Feature", "geometry": {"type": "Point", "coordinates": [85.818499, 20.1182552]}, "properties": {"id": 875981788, "type": "arterial_road", "name": "Unnamed Asset", "criticality_weight": 0.6}}, {"type": "Feature", "geometry": {"type": "Point", "coordinates": [85.8218239, 20.1174826]}, "properties": {"id": 875981789, "type": "arterial_road", "name": "Unnamed Asset", "criticality_weight": 0.6}}, {"type": "Feature", "geometry": {"type": "Point", "coordinates": [85.8240702, 20.1170805]}, "properties": {"id": 875981790, "type": "arterial_road", "name": "Unnamed Asset", "criticality_weight": 0.6}}, {"type": "Feature", "geometry": {"type": "Point", "coordinates": [86.0552852, 19.9373224]}, "properties": {"id": 876052545, "type": "arterial_road", "name": "Unnamed Asset", "criticality_weight": 0.6}}, {"type": "Feature", "geometry": {"type": "Point", "coordinates": [86.0633385, 19.9278132]}, "properties": {"id": 876052546, "type": "arterial_road", "name": "Unnamed Asset", "criticality_weight": 0.6}}, {"type": "Feature", "geometry": {"type": "Point", "coordinates": [85.8401229, 20.1300777]}, "properties": {"id": 876059284, "type": "arterial_road", "name": "Bhubaneswar Puri Highway", "criticality_weight": 0.6}}, {"type": "Feature", "geometry": {"type": "Point", "coordinates": [85.8446036, 20.1256794]}, "properties": {"id": 876059285, "type": "arterial_road", "name": "Bhubaneswar Puri Highway", "criticality_weight": 0.6}}, {"type": "Feature", "geometry": {"type": "Point", "coordinates": [85.8314133, 20.061701]}, "properties": {"id": 876059286, "type": "arterial_road", "name": "Bhubaneswar Puri Highway", "criticality_weight": 0.6}}, {"type": "Feature", "geometry": {"type": "Point", "coordinates": [85.8490348, 20.1212842]}, "properties": {"id": 876059287, "type": "arterial_road", "name": "Bhubaneswar Puri Highway", "criticality_weight": 0.6}}, {"type": "Feature", "geometry": {"type": "Point", "coordinates": [85.8445074, 20.1256161]}, "properties": {"id": 876059288, "type": "arterial_road", "name": "Bhubaneswar Puri Highway", "criticality_weight": 0.6}}, {"type": "Feature", "geometry": {"type": "Point", "coordinates": [85.8489248, 20.1212324]}, "properties": {"id": 876059289, "type": "arterial_road", "name": "Bhubaneswar Puri Highway", "criticality_weight": 0.6}}, {"type": "Feature", "geometry": {"type": "Point", "coordinates": [85.8400429, 20.1299923]}, "properties": {"id": 876059290, "type": "arterial_road", "name": "Bhubaneswar Puri Highway", "criticality_weight": 0.6}}, {"type": "Feature", "geometry": {"type": "Point", "coordinates": [85.8393675, 20.1314251]}, "properties": {"id": 876059291, "type": "arterial_road", "name": "Bhubaneswar Puri Highway", "criticality_weight": 0.6}}, {"type": "Feature", "geometry": {"type": "Point", "coordinates": [85.838981, 20.1312794]}, "properties": {"id": 876060554, "type": "arterial_road", "name": "Unnamed Asset", "criticality_weight": 0.6}}, {"type": "Feature", "geometry": {"type": "Point", "coordinates": [85.8449411, 20.1183494]}, "properties": {"id": 876109785, "type": "arterial_road", "name": "Unnamed Asset", "criticality_weight": 0.6}}, {"type": "Feature", "geometry": {"type": "Point", "coordinates": [85.8456132, 20.1185947]}, "properties": {"id": 876109786, "type": "arterial_road", "name": "Unnamed Asset", "criticality_weight": 0.6}}, {"type": "Feature", "geometry": {"type": "Point", "coordinates": [85.8582509, 20.1199889]}, "properties": {"id": 876109787, "type": "arterial_road", "name": "Unnamed Asset", "criticality_weight": 0.6}}, {"type": "Feature", "geometry": {"type": "Point", "coordinates": [85.8513729, 20.1199407]}, "properties": {"id": 876109788, "type": "arterial_road", "name": "Unnamed Asset", "criticality_weight": 0.6}}, {"type": "Feature", "geometry": {"type": "Point", "coordinates": [85.9381101, 19.8596713]}, "properties": {"id": 877786310, "type": "arterial_road", "name": "Unnamed Asset", "criticality_weight": 0.6}}, {"type": "Feature", "geometry": {"type": "Point", "coordinates": [85.9381346, 19.8596445]}, "properties": {"id": 877786311, "type": "arterial_road", "name": "Unnamed Asset", "criticality_weight": 0.6}}, {"type": "Feature", "geometry": {"type": "Point", "coordinates": [85.5843437, 19.7517396]}, "properties": {"id": 877786313, "type": "arterial_road", "name": "Unnamed Asset", "criticality_weight": 0.6}}, {"type": "Feature", "geometry": {"type": "Point", "coordinates": [85.5870055, 19.7539168]}, "properties": {"id": 877786314, "type": "arterial_road", "name": "Unnamed Asset", "criticality_weight": 0.6}}, {"type": "Feature", "geometry": {"type": "Point", "coordinates": [85.5614417, 19.7375559]}, "properties": {"id": 877786315, "type": "arterial_road", "name": "Unnamed Asset", "criticality_weight": 0.6}}, {"type": "Feature", "geometry": {"type": "Point", "coordinates": [85.5728826, 19.7446312]}, "properties": {"id": 877786316, "type": "arterial_road", "name": "Unnamed Asset", "criticality_weight": 0.6}}, {"type": "Feature", "geometry": {"type": "Point", "coordinates": [85.8074199, 19.8134176]}, "properties": {"id": 877865751, "type": "arterial_road", "name": "Unnamed Asset", "criticality_weight": 0.6}}, {"type": "Feature", "geometry": {"type": "Point", "coordinates": [85.8074467, 19.8134477]}, "properties": {"id": 877865752, "type": "arterial_road", "name": "Unnamed Asset", "criticality_weight": 0.6}}, {"type": "Feature", "geometry": {"type": "Point", "coordinates": [85.8406385, 20.094898]}, "properties": {"id": 877884634, "type": "arterial_road", "name": "Bhubaneswar Puri Highway", "criticality_weight": 0.6}}, {"type": "Feature", "geometry": {"type": "Point", "coordinates": [85.8451805, 20.1075232]}, "properties": {"id": 877884635, "type": "arterial_road", "name": "Bhubaneswar Puri Highway", "criticality_weight": 0.6}}, {"type": "Feature", "geometry": {"type": "Point", "coordinates": [85.8450991, 20.1076284]}, "properties": {"id": 877884636, "type": "arterial_road", "name": "Bhubaneswar Puri Highway", "criticality_weight": 0.6}}, {"type": "Feature", "geometry": {"type": "Point", "coordinates": [85.8405959, 20.0951118]}, "properties": {"id": 877884637, "type": "arterial_road", "name": "Bhubaneswar Puri Highway", "criticality_weight": 0.6}}, {"type": "Feature", "geometry": {"type": "Point", "coordinates": [85.829065, 20.0640105]}, "properties": {"id": 877884638, "type": "arterial_road", "name": "Unnamed Asset", "criticality_weight": 0.6}}, {"type": "Feature", "geometry": {"type": "Point", "coordinates": [85.8267256, 20.0429948]}, "properties": {"id": 877884639, "type": "arterial_road", "name": "Unnamed Asset", "criticality_weight": 0.6}}, {"type": "Feature", "geometry": {"type": "Point", "coordinates": [85.8288085, 19.8677238]}, "properties": {"id": 877884640, "type": "arterial_road", "name": "Unnamed Asset", "criticality_weight": 0.6}}, {"type": "Feature", "geometry": {"type": "Point", "coordinates": [85.8275427, 19.8356307]}, "properties": {"id": 877884641, "type": "arterial_road", "name": "Bhubaneswar Puri Highway", "criticality_weight": 0.6}}, {"type": "Feature", "geometry": {"type": "Point", "coordinates": [85.8324715, 19.8426414]}, "properties": {"id": 877884642, "type": "arterial_road", "name": "Bhubaneswar Puri Highway", "criticality_weight": 0.6}}, {"type": "Feature", "geometry": {"type": "Point", "coordinates": [85.8323628, 19.8426799]}, "properties": {"id": 877884643, "type": "arterial_road", "name": "Bhubaneswar Puri Highway", "criticality_weight": 0.6}}, {"type": "Feature", "geometry": {"type": "Point", "coordinates": [85.8274462, 19.8356806]}, "properties": {"id": 877884644, "type": "arterial_road", "name": "Bhubaneswar Puri Highway", "criticality_weight": 0.6}}, {"type": "Feature", "geometry": {"type": "Point", "coordinates": [85.8219399, 19.8280914]}, "properties": {"id": 878099872, "type": "arterial_road", "name": "Unnamed Asset", "criticality_weight": 0.6}}, {"type": "Feature", "geometry": {"type": "Point", "coordinates": [85.8343399, 19.861227]}, "properties": {"id": 878099873, "type": "arterial_road", "name": "Unnamed Asset", "criticality_weight": 0.6}}, {"type": "Feature", "geometry": {"type": "Point", "coordinates": [85.9382693, 19.8599044]}, "properties": {"id": 878129834, "type": "arterial_road", "name": "Gop - Balighai Road", "criticality_weight": 0.6}}, {"type": "Feature", "geometry": {"type": "Point", "coordinates": [85.9383145, 19.8598913]}, "properties": {"id": 878129835, "type": "arterial_road", "name": "Gop - Balighai Road", "criticality_weight": 0.6}}, {"type": "Feature", "geometry": {"type": "Point", "coordinates": [85.8372285, 19.8057734]}, "properties": {"id": 880075595, "type": "arterial_road", "name": "Station Road", "criticality_weight": 0.6}}, {"type": "Feature", "geometry": {"type": "Point", "coordinates": [85.834997, 19.8051923]}, "properties": {"id": 880075596, "type": "arterial_road", "name": "Unnamed Asset", "criticality_weight": 0.6}}, {"type": "Feature", "geometry": {"type": "Point", "coordinates": [85.8331066, 19.8063634]}, "properties": {"id": 1082913360, "type": "arterial_road", "name": "Unnamed Asset", "criticality_weight": 0.6}}, {"type": "Feature", "geometry": {"type": "Point", "coordinates": [85.7887394, 19.7857387]}, "properties": {"id": 1127454912, "type": "arterial_road", "name": "Unnamed Asset", "criticality_weight": 0.6}}, {"type": "Feature", "geometry": {"type": "Point", "coordinates": [85.7871421, 19.7862878]}, "properties": {"id": 1127454913, "type": "arterial_road", "name": "Unnamed Asset", "criticality_weight": 0.6}}, {"type": "Feature", "geometry": {"type": "Point", "coordinates": [85.7874065, 19.7862369]}, "properties": {"id": 1127454914, "type": "arterial_road", "name": "Unnamed Asset", "criticality_weight": 0.6}}, {"type": "Feature", "geometry": {"type": "Point", "coordinates": [85.7881599, 19.7863414]}, "properties": {"id": 1127454915, "type": "arterial_road", "name": "Unnamed Asset", "criticality_weight": 0.6}}, {"type": "Feature", "geometry": {"type": "Point", "coordinates": [85.7881379, 19.7861708]}, "properties": {"id": 1127454916, "type": "arterial_road", "name": "Unnamed Asset", "criticality_weight": 0.6}}, {"type": "Feature", "geometry": {"type": "Point", "coordinates": [85.7852336, 19.7856104]}, "properties": {"id": 1127454917, "type": "arterial_road", "name": "Unnamed Asset", "criticality_weight": 0.6}}, {"type": "Feature", "geometry": {"type": "Point", "coordinates": [85.7852441, 19.7855518]}, "properties": {"id": 1127454918, "type": "arterial_road", "name": "Unnamed Asset", "criticality_weight": 0.6}}, {"type": "Feature", "geometry": {"type": "Point", "coordinates": [85.790481, 19.7847687]}, "properties": {"id": 1127454919, "type": "arterial_road", "name": "Unnamed Asset", "criticality_weight": 0.6}}, {"type": "Feature", "geometry": {"type": "Point", "coordinates": [85.7890724, 19.7852087]}, "properties": {"id": 1127454920, "type": "arterial_road", "name": "Unnamed Asset", "criticality_weight": 0.6}}, {"type": "Feature", "geometry": {"type": "Point", "coordinates": [85.7908755, 19.7845483]}, "properties": {"id": 1127454921, "type": "arterial_road", "name": "Marine Drive Road", "criticality_weight": 0.6}}, {"type": "Feature", "geometry": {"type": "Point", "coordinates": [86.123321, 20.0220052]}, "properties": {"id": 1152880742, "type": "arterial_road", "name": "Unnamed Asset", "criticality_weight": 0.6}}, {"type": "Feature", "geometry": {"type": "Point", "coordinates": [86.1767655, 20.0093006]}, "properties": {"id": 1152883477, "type": "arterial_road", "name": "Unnamed Asset", "criticality_weight": 0.6}}, {"type": "Feature", "geometry": {"type": "Point", "coordinates": [86.2697315, 19.9818055]}, "properties": {"id": 1152884912, "type": "arterial_road", "name": "Unnamed Asset", "criticality_weight": 0.6}}, {"type": "Feature", "geometry": {"type": "Point", "coordinates": [86.10175, 20.052562]}, "properties": {"id": 1154030343, "type": "arterial_road", "name": "Nimapada-Charichhak-Astaranga Road", "criticality_weight": 0.6}}, {"type": "Feature", "geometry": {"type": "Point", "coordinates": [86.1152747, 20.0459584]}, "properties": {"id": 1154030344, "type": "arterial_road", "name": "Nimapada-Charichhak-Astaranga Road", "criticality_weight": 0.6}}, {"type": "Feature", "geometry": {"type": "Point", "coordinates": [86.1047061, 19.8756393]}, "properties": {"id": 1207740667, "type": "arterial_road", "name": "Unnamed Asset", "criticality_weight": 0.6}}, {"type": "Feature", "geometry": {"type": "Point", "coordinates": [86.0987992, 19.8842028]}, "properties": {"id": 1207747847, "type": "arterial_road", "name": "Unnamed Asset", "criticality_weight": 0.6}}, {"type": "Feature", "geometry": {"type": "Point", "coordinates": [86.0987986, 19.8840305]}, "properties": {"id": 1207747848, "type": "arterial_road", "name": "Unnamed Asset", "criticality_weight": 0.6}}, {"type": "Feature", "geometry": {"type": "Point", "coordinates": [86.0987129, 19.8842139]}, "properties": {"id": 1207747849, "type": "arterial_road", "name": "Unnamed Asset", "criticality_weight": 0.6}}, {"type": "Feature", "geometry": {"type": "Point", "coordinates": [86.1046185, 19.8756504]}, "properties": {"id": 1207748145, "type": "arterial_road", "name": "Unnamed Asset", "criticality_weight": 0.6}}, {"type": "Feature", "geometry": {"type": "Point", "coordinates": [85.7456495, 20.1463929]}, "properties": {"id": 1209136367, "type": "arterial_road", "name": "Unnamed Asset", "criticality_weight": 0.6}}, {"type": "Feature", "geometry": {"type": "Point", "coordinates": [85.7873299, 19.78601]}, "properties": {"id": 1209301533, "type": "arterial_road", "name": "Unnamed Asset", "criticality_weight": 0.6}}, {"type": "Feature", "geometry": {"type": "Point", "coordinates": [85.8387351, 20.1319623]}, "properties": {"id": 1210221826, "type": "arterial_road", "name": "Unnamed Asset", "criticality_weight": 0.6}}, {"type": "Feature", "geometry": {"type": "Point", "coordinates": [85.8396333, 20.130789]}, "properties": {"id": 1210221827, "type": "arterial_road", "name": "Bhubaneswar Puri Highway", "criticality_weight": 0.6}}, {"type": "Feature", "geometry": {"type": "Point", "coordinates": [85.8586878, 20.1984667]}, "properties": {"id": 1210225402, "type": "arterial_road", "name": "Bhubaneswar Puri Highway", "criticality_weight": 0.6}}, {"type": "Feature", "geometry": {"type": "Point", "coordinates": [85.8596232, 20.1965295]}, "properties": {"id": 1210247268, "type": "arterial_road", "name": "Bhubaneswar Puri Highway", "criticality_weight": 0.6}}, {"type": "Feature", "geometry": {"type": "Point", "coordinates": [85.8596611, 20.1973443]}, "properties": {"id": 1210247269, "type": "arterial_road", "name": "Unnamed Asset", "criticality_weight": 0.6}}, {"type": "Feature", "geometry": {"type": "Point", "coordinates": [85.8341267, 19.8471316]}, "properties": {"id": 1210298162, "type": "arterial_road", "name": "Bhubaneswar Puri Highway", "criticality_weight": 0.6}}, {"type": "Feature", "geometry": {"type": "Point", "coordinates": [85.8312529, 19.8133332]}, "properties": {"id": 1210298163, "type": "arterial_road", "name": "Unnamed Asset", "criticality_weight": 0.6}}, {"type": "Feature", "geometry": {"type": "Point", "coordinates": [85.8321265, 19.820634]}, "properties": {"id": 1210298165, "type": "arterial_road", "name": "Bhubaneswar Puri Highway", "criticality_weight": 0.6}}, {"type": "Feature", "geometry": {"type": "Point", "coordinates": [85.8344028, 19.8470572]}, "properties": {"id": 1210298166, "type": "arterial_road", "name": "Bhubaneswar Puri Highway", "criticality_weight": 0.6}}, {"type": "Feature", "geometry": {"type": "Point", "coordinates": [85.8323151, 19.8024154]}, "properties": {"id": 1210301298, "type": "arterial_road", "name": "VIP Road", "criticality_weight": 0.6}}, {"type": "Feature", "geometry": {"type": "Point", "coordinates": [85.8317684, 19.7999973]}, "properties": {"id": 1210301299, "type": "arterial_road", "name": "Unnamed Asset", "criticality_weight": 0.6}}, {"type": "Feature", "geometry": {"type": "Point", "coordinates": [85.8323664, 19.8023947]}, "properties": {"id": 1210301300, "type": "arterial_road", "name": "VIP Road", "criticality_weight": 0.6}}, {"type": "Feature", "geometry": {"type": "Point", "coordinates": [85.8328139, 19.8046326]}, "properties": {"id": 1210301301, "type": "arterial_road", "name": "Unnamed Asset", "criticality_weight": 0.6}}, {"type": "Feature", "geometry": {"type": "Point", "coordinates": [85.8406152, 19.8165735]}, "properties": {"id": 1210301302, "type": "arterial_road", "name": "Unnamed Asset", "criticality_weight": 0.6}}, {"type": "Feature", "geometry": {"type": "Point", "coordinates": [85.9169664, 20.1052483]}, "properties": {"id": 1211107526, "type": "power", "name": "Unnamed Asset", "criticality_weight": 0.9}}, {"type": "Feature", "geometry": {"type": "Point", "coordinates": [85.8515031, 20.18738]}, "properties": {"id": 1211107527, "type": "power", "name": "Unnamed Asset", "criticality_weight": 0.9}}, {"type": "Feature", "geometry": {"type": "Point", "coordinates": [85.7755201, 20.1423608]}, "properties": {"id": 1211107531, "type": "power", "name": "Unnamed Asset", "criticality_weight": 0.9}}, {"type": "Feature", "geometry": {"type": "Point", "coordinates": [85.8131623, 19.8788307]}, "properties": {"id": 1212978825, "type": "arterial_road", "name": "Bhubaneswar Puri Highway", "criticality_weight": 0.6}}, {"type": "Feature", "geometry": {"type": "Point", "coordinates": [86.1110106, 19.8664972]}, "properties": {"id": 1213505654, "type": "arterial_road", "name": "Unnamed Asset", "criticality_weight": 0.6}}, {"type": "Feature", "geometry": {"type": "Point", "coordinates": [85.8532192, 20.1198395]}, "properties": {"id": 1213505655, "type": "arterial_road", "name": "Unnamed Asset", "criticality_weight": 0.6}}, {"type": "Feature", "geometry": {"type": "Point", "coordinates": [85.8492696, 20.120637]}, "properties": {"id": 1213505656, "type": "arterial_road", "name": "Bhubaneswar Puri Highway", "criticality_weight": 0.6}}, {"type": "Feature", "geometry": {"type": "Point", "coordinates": [85.8452698, 20.1184607]}, "properties": {"id": 1213506317, "type": "arterial_road", "name": "Unnamed Asset", "criticality_weight": 0.6}}, {"type": "Feature", "geometry": {"type": "Point", "coordinates": [85.8491322, 20.120609]}, "properties": {"id": 1213506318, "type": "arterial_road", "name": "Bhubaneswar Puri Highway", "criticality_weight": 0.6}}, {"type": "Feature", "geometry": {"type": "Point", "coordinates": [85.3495324, 19.6343933]}, "properties": {"id": 1221950541, "type": "arterial_road", "name": "Unnamed Asset", "criticality_weight": 0.6}}, {"type": "Feature", "geometry": {"type": "Point", "coordinates": [85.8798056, 20.0389426]}, "properties": {"id": 1222408443, "type": "arterial_road", "name": "Satasankha-Balanga-Nimapada Road", "criticality_weight": 0.6}}, {"type": "Feature", "geometry": {"type": "Point", "coordinates": [85.8796866, 20.0389468]}, "properties": {"id": 1222408444, "type": "arterial_road", "name": "Satasankha-Balanga-Nimapada Road", "criticality_weight": 0.6}}, {"type": "Feature", "geometry": {"type": "Point", "coordinates": [86.1173217, 20.0139992]}, "properties": {"id": 1267147479, "type": "arterial_road", "name": "Unnamed Asset", "criticality_weight": 0.6}}, {"type": "Feature", "geometry": {"type": "Point", "coordinates": [86.1177636, 20.0140111]}, "properties": {"id": 1267147480, "type": "arterial_road", "name": "Unnamed Asset", "criticality_weight": 0.6}}, {"type": "Feature", "geometry": {"type": "Point", "coordinates": [85.8222233, 19.8122476]}, "properties": {"id": 1268315512, "type": "arterial_road", "name": "Shree Setu", "criticality_weight": 0.6}}, {"type": "Feature", "geometry": {"type": "Point", "coordinates": [85.8174676, 19.8193785]}, "properties": {"id": 1268315759, "type": "arterial_road", "name": "Shree Setu", "criticality_weight": 0.6}}, {"type": "Feature", "geometry": {"type": "Point", "coordinates": [85.8175716, 19.8194304]}, "properties": {"id": 1268316110, "type": "arterial_road", "name": "Shree Setu", "criticality_weight": 0.6}}, {"type": "Feature", "geometry": {"type": "Point", "coordinates": [85.814473, 19.8223551]}, "properties": {"id": 1268316820, "type": "arterial_road", "name": "Shree Setu", "criticality_weight": 0.6}}, {"type": "Feature", "geometry": {"type": "Point", "coordinates": [85.8143911, 19.8215312]}, "properties": {"id": 1268316821, "type": "arterial_road", "name": "Shree Setu", "criticality_weight": 0.6}}, {"type": "Feature", "geometry": {"type": "Point", "coordinates": [85.8158222, 19.822373]}, "properties": {"id": 1268316822, "type": "arterial_road", "name": "Shree Setu", "criticality_weight": 0.6}}, {"type": "Feature", "geometry": {"type": "Point", "coordinates": [85.8156601, 19.8223942]}, "properties": {"id": 1268316823, "type": "arterial_road", "name": "Shree Setu", "criticality_weight": 0.6}}, {"type": "Feature", "geometry": {"type": "Point", "coordinates": [85.8160166, 19.8219679]}, "properties": {"id": 1268316824, "type": "arterial_road", "name": "Shree Setu", "criticality_weight": 0.6}}, {"type": "Feature", "geometry": {"type": "Point", "coordinates": [85.815942, 19.8220572]}, "properties": {"id": 1268316825, "type": "arterial_road", "name": "Shree Setu", "criticality_weight": 0.6}}, {"type": "Feature", "geometry": {"type": "Point", "coordinates": [85.8209213, 19.8134228]}, "properties": {"id": 1268316887, "type": "arterial_road", "name": "Shree Setu", "criticality_weight": 0.6}}, {"type": "Feature", "geometry": {"type": "Point", "coordinates": [85.8210504, 19.8133845]}, "properties": {"id": 1268316888, "type": "arterial_road", "name": "Shree Setu", "criticality_weight": 0.6}}, {"type": "Feature", "geometry": {"type": "Point", "coordinates": [85.8192854, 19.8154858]}, "properties": {"id": 1268318071, "type": "arterial_road", "name": "Unnamed Asset", "criticality_weight": 0.6}}, {"type": "Feature", "geometry": {"type": "Point", "coordinates": [85.8190232, 19.815435]}, "properties": {"id": 1268318216, "type": "arterial_road", "name": "Unnamed Asset", "criticality_weight": 0.6}}, {"type": "Feature", "geometry": {"type": "Point", "coordinates": [85.816238, 19.8201689]}, "properties": {"id": 1268318373, "type": "arterial_road", "name": "Unnamed Asset", "criticality_weight": 0.6}}, {"type": "Feature", "geometry": {"type": "Point", "coordinates": [85.8173691, 19.8214017]}, "properties": {"id": 1268318398, "type": "arterial_road", "name": "Unnamed Asset", "criticality_weight": 0.6}}, {"type": "Feature", "geometry": {"type": "Point", "coordinates": [85.8191896, 19.8156576]}, "properties": {"id": 1268319841, "type": "arterial_road", "name": "Shree Setu", "criticality_weight": 0.6}}, {"type": "Feature", "geometry": {"type": "Point", "coordinates": [85.8190698, 19.8156247]}, "properties": {"id": 1268319842, "type": "arterial_road", "name": "Shree Setu", "criticality_weight": 0.6}}, {"type": "Feature", "geometry": {"type": "Point", "coordinates": [85.8212578, 19.8066958]}, "properties": {"id": 1268353958, "type": "arterial_road", "name": "Grand Road", "criticality_weight": 0.6}}, {"type": "Feature", "geometry": {"type": "Point", "coordinates": [85.8219374, 19.8073138]}, "properties": {"id": 1268353959, "type": "arterial_road", "name": "Unnamed Asset", "criticality_weight": 0.6}}, {"type": "Feature", "geometry": {"type": "Point", "coordinates": [85.8213029, 19.8066433]}, "properties": {"id": 1268353960, "type": "arterial_road", "name": "Grand Road", "criticality_weight": 0.6}}, {"type": "Feature", "geometry": {"type": "Point", "coordinates": [85.818653, 19.7933244]}, "properties": {"id": 1268354432, "type": "arterial_road", "name": "Unnamed Asset", "criticality_weight": 0.6}}, {"type": "Feature", "geometry": {"type": "Point", "coordinates": [85.8142727, 19.8036267]}, "properties": {"id": 1268355605, "type": "arterial_road", "name": "Unnamed Asset", "criticality_weight": 0.6}}, {"type": "Feature", "geometry": {"type": "Point", "coordinates": [85.8251954, 19.8110113]}, "properties": {"id": 1268355997, "type": "arterial_road", "name": "Unnamed Asset", "criticality_weight": 0.6}}, {"type": "Feature", "geometry": {"type": "Point", "coordinates": [86.0080033, 19.8540419]}, "properties": {"id": 1268356920, "type": "arterial_road", "name": "Unnamed Asset", "criticality_weight": 0.6}}, {"type": "Feature", "geometry": {"type": "Point", "coordinates": [86.0076765, 19.8540308]}, "properties": {"id": 1268356921, "type": "arterial_road", "name": "Unnamed Asset", "criticality_weight": 0.6}}, {"type": "Feature", "geometry": {"type": "Point", "coordinates": [86.0061918, 19.85397]}, "properties": {"id": 1268357003, "type": "arterial_road", "name": "Unnamed Asset", "criticality_weight": 0.6}}, {"type": "Feature", "geometry": {"type": "Point", "coordinates": [85.3444776, 19.6273951]}, "properties": {"id": 1270905335, "type": "arterial_road", "name": "Unnamed Asset", "criticality_weight": 0.6}}, {"type": "Feature", "geometry": {"type": "Point", "coordinates": [85.3465543, 19.6313947]}, "properties": {"id": 1270905336, "type": "arterial_road", "name": "Unnamed Asset", "criticality_weight": 0.6}}, {"type": "Feature", "geometry": {"type": "Point", "coordinates": [85.8343345, 19.8469041]}, "properties": {"id": 1273249885, "type": "arterial_road", "name": "Unnamed Asset", "criticality_weight": 0.6}}, {"type": "Feature", "geometry": {"type": "Point", "coordinates": [85.8360869, 19.8516126]}, "properties": {"id": 1273250472, "type": "arterial_road", "name": "Unnamed Asset", "criticality_weight": 0.6}}, {"type": "Feature", "geometry": {"type": "Point", "coordinates": [85.8170801, 19.8757473]}, "properties": {"id": 1273251879, "type": "arterial_road", "name": "Unnamed Asset", "criticality_weight": 0.6}}, {"type": "Feature", "geometry": {"type": "Point", "coordinates": [85.8169763, 19.875562]}, "properties": {"id": 1273251881, "type": "arterial_road", "name": "Unnamed Asset", "criticality_weight": 0.6}}, {"type": "Feature", "geometry": {"type": "Point", "coordinates": [85.8215651, 19.8725138]}, "properties": {"id": 1273251882, "type": "arterial_road", "name": "Bhubaneswar Puri Highway", "criticality_weight": 0.6}}, {"type": "Feature", "geometry": {"type": "Point", "coordinates": [85.8101444, 19.883704]}, "properties": {"id": 1273251883, "type": "arterial_road", "name": "Bhubaneswar Puri Highway", "criticality_weight": 0.6}}, {"type": "Feature", "geometry": {"type": "Point", "coordinates": [85.8169216, 19.8755357]}, "properties": {"id": 1273251884, "type": "arterial_road", "name": "Bhubaneswar Puri Highway", "criticality_weight": 0.6}}, {"type": "Feature", "geometry": {"type": "Point", "coordinates": [85.8171876, 19.8760076]}, "properties": {"id": 1275237442, "type": "arterial_road", "name": "Unnamed Asset", "criticality_weight": 0.6}}, {"type": "Feature", "geometry": {"type": "Point", "coordinates": [85.8394902, 20.1386689]}, "properties": {"id": 1286986904, "type": "arterial_road", "name": "Unnamed Asset", "criticality_weight": 0.6}}, {"type": "Feature", "geometry": {"type": "Point", "coordinates": [85.8337877, 19.8259193]}, "properties": {"id": 1286988840, "type": "arterial_road", "name": "Unnamed Asset", "criticality_weight": 0.6}}, {"type": "Feature", "geometry": {"type": "Point", "coordinates": [85.8340828, 19.8268653]}, "properties": {"id": 1286989248, "type": "arterial_road", "name": "Unnamed Asset", "criticality_weight": 0.6}}, {"type": "Feature", "geometry": {"type": "Point", "coordinates": [85.834355, 19.8277457]}, "properties": {"id": 1286989434, "type": "arterial_road", "name": "Unnamed Asset", "criticality_weight": 0.6}}, {"type": "Feature", "geometry": {"type": "Point", "coordinates": [85.8367092, 19.8409523]}, "properties": {"id": 1286989829, "type": "arterial_road", "name": "Unnamed Asset", "criticality_weight": 0.6}}, {"type": "Feature", "geometry": {"type": "Point", "coordinates": [85.8370384, 19.843497]}, "properties": {"id": 1286990072, "type": "arterial_road", "name": "Unnamed Asset", "criticality_weight": 0.6}}, {"type": "Feature", "geometry": {"type": "Point", "coordinates": [85.8389587, 20.1313796]}, "properties": {"id": 1286994445, "type": "arterial_road", "name": "Unnamed Asset", "criticality_weight": 0.6}}, {"type": "Feature", "geometry": {"type": "Point", "coordinates": [85.8474406, 20.1193074]}, "properties": {"id": 1287012392, "type": "arterial_road", "name": "Unnamed Asset", "criticality_weight": 0.6}}, {"type": "Feature", "geometry": {"type": "Point", "coordinates": [85.8493944, 20.1199614]}, "properties": {"id": 1287012393, "type": "arterial_road", "name": "Unnamed Asset", "criticality_weight": 0.6}}, {"type": "Feature", "geometry": {"type": "Point", "coordinates": [85.8424459, 20.0993384]}, "properties": {"id": 1287015085, "type": "arterial_road", "name": "Unnamed Asset", "criticality_weight": 0.6}}, {"type": "Feature", "geometry": {"type": "Point", "coordinates": [85.8287271, 19.798383]}, "properties": {"id": 1287019872, "type": "arterial_road", "name": "Marine Drive Road", "criticality_weight": 0.6}}, {"type": "Feature", "geometry": {"type": "Point", "coordinates": [85.8256711, 19.7968137]}, "properties": {"id": 1287019873, "type": "arterial_road", "name": "Unnamed Asset", "criticality_weight": 0.6}}, {"type": "Feature", "geometry": {"type": "Point", "coordinates": [85.8259436, 19.7984282]}, "properties": {"id": 1287022055, "type": "arterial_road", "name": "Unnamed Asset", "criticality_weight": 0.6}}, {"type": "Feature", "geometry": {"type": "Point", "coordinates": [85.825656, 19.7968926]}, "properties": {"id": 1287022056, "type": "arterial_road", "name": "Unnamed Asset", "criticality_weight": 0.6}}, {"type": "Feature", "geometry": {"type": "Point", "coordinates": [85.8260084, 19.798415]}, "properties": {"id": 1287022057, "type": "arterial_road", "name": "Kutcheri Road", "criticality_weight": 0.6}}, {"type": "Feature", "geometry": {"type": "Point", "coordinates": [85.82634, 19.7999965]}, "properties": {"id": 1287022058, "type": "arterial_road", "name": "Unnamed Asset", "criticality_weight": 0.6}}, {"type": "Feature", "geometry": {"type": "Point", "coordinates": [85.8216064, 19.947192]}, "properties": {"id": 1287022902, "type": "arterial_road", "name": "Bhubaneswar Puri Highway", "criticality_weight": 0.6}}, {"type": "Feature", "geometry": {"type": "Point", "coordinates": [85.8208709, 19.9456199]}, "properties": {"id": 1287022903, "type": "arterial_road", "name": "Bhubaneswar Puri Highway", "criticality_weight": 0.6}}, {"type": "Feature", "geometry": {"type": "Point", "coordinates": [85.8215533, 19.9470313]}, "properties": {"id": 1287022904, "type": "arterial_road", "name": "Bhubaneswar Puri Highway", "criticality_weight": 0.6}}, {"type": "Feature", "geometry": {"type": "Point", "coordinates": [85.8209693, 19.9456159]}, "properties": {"id": 1287022905, "type": "arterial_road", "name": "Bhubaneswar Puri Highway", "criticality_weight": 0.6}}, {"type": "Feature", "geometry": {"type": "Point", "coordinates": [85.8166777, 19.9086574]}, "properties": {"id": 1287022906, "type": "arterial_road", "name": "Bhubaneswar Puri Highway", "criticality_weight": 0.6}}, {"type": "Feature", "geometry": {"type": "Point", "coordinates": [85.8169179, 19.9098279]}, "properties": {"id": 1287022907, "type": "arterial_road", "name": "Bhubaneswar Puri Highway", "criticality_weight": 0.6}}, {"type": "Feature", "geometry": {"type": "Point", "coordinates": [85.8136161, 19.9040113]}, "properties": {"id": 1287022908, "type": "arterial_road", "name": "Bhubaneswar Puri Highway", "criticality_weight": 0.6}}, {"type": "Feature", "geometry": {"type": "Point", "coordinates": [85.8139542, 19.9041754]}, "properties": {"id": 1287022909, "type": "arterial_road", "name": "Bhubaneswar Puri Highway", "criticality_weight": 0.6}}, {"type": "Feature", "geometry": {"type": "Point", "coordinates": [85.8259793, 19.8006638]}, "properties": {"id": 1287023511, "type": "arterial_road", "name": "Unnamed Asset", "criticality_weight": 0.6}}, {"type": "Feature", "geometry": {"type": "Point", "coordinates": [85.8260132, 19.8006889]}, "properties": {"id": 1287023512, "type": "arterial_road", "name": "Kutcheri Road", "criticality_weight": 0.6}}, {"type": "Feature", "geometry": {"type": "Point", "coordinates": [85.8296193, 19.803201]}, "properties": {"id": 1287027348, "type": "arterial_road", "name": "Unnamed Asset", "criticality_weight": 0.6}}, {"type": "Feature", "geometry": {"type": "Point", "coordinates": [85.8329705, 19.8063421]}, "properties": {"id": 1287027349, "type": "arterial_road", "name": "Unnamed Asset", "criticality_weight": 0.6}}, {"type": "Feature", "geometry": {"type": "Point", "coordinates": [85.8309129, 19.8155107]}, "properties": {"id": 1291198133, "type": "arterial_road", "name": "Unnamed Asset", "criticality_weight": 0.6}}, {"type": "Feature", "geometry": {"type": "Point", "coordinates": [85.8314159, 19.8133816]}, "properties": {"id": 1291198135, "type": "arterial_road", "name": "Unnamed Asset", "criticality_weight": 0.6}}, {"type": "Feature", "geometry": {"type": "Point", "coordinates": [85.8309855, 19.8155537]}, "properties": {"id": 1291642040, "type": "arterial_road", "name": "Unnamed Asset", "criticality_weight": 0.6}}, {"type": "Feature", "geometry": {"type": "Point", "coordinates": [86.0026623, 20.0251985]}, "properties": {"id": 1311728822, "type": "power", "name": "Unnamed Asset", "criticality_weight": 0.9}}, {"type": "Feature", "geometry": {"type": "Point", "coordinates": [85.7976106, 19.8114648]}, "properties": {"id": 1333690179, "type": "arterial_road", "name": "Ring Road Puri", "criticality_weight": 0.6}}, {"type": "Feature", "geometry": {"type": "Point", "coordinates": [85.8311452, 19.8153692]}, "properties": {"id": 1355324287, "type": "arterial_road", "name": "Unnamed Asset", "criticality_weight": 0.6}}, {"type": "Feature", "geometry": {"type": "Point", "coordinates": [85.8327973, 19.8196003]}, "properties": {"id": 1355324288, "type": "arterial_road", "name": "Unnamed Asset", "criticality_weight": 0.6}}, {"type": "Feature", "geometry": {"type": "Point", "coordinates": [85.8314078, 19.8189202]}, "properties": {"id": 1355324289, "type": "arterial_road", "name": "Unnamed Asset", "criticality_weight": 0.6}}, {"type": "Feature", "geometry": {"type": "Point", "coordinates": [85.8172139, 19.8754851]}, "properties": {"id": 1363528918, "type": "arterial_road", "name": "Bhubaneswar Puri Highway", "criticality_weight": 0.6}}, {"type": "Feature", "geometry": {"type": "Point", "coordinates": [86.0822048, 20.0624661]}, "properties": {"id": 1387280414, "type": "arterial_road", "name": "Unnamed Asset", "criticality_weight": 0.6}}, {"type": "Feature", "geometry": {"type": "Point", "coordinates": [86.0827818, 20.0599466]}, "properties": {"id": 1387280415, "type": "arterial_road", "name": "Nimapada-Charichhak-Astaranga Road", "criticality_weight": 0.6}}, {"type": "Feature", "geometry": {"type": "Point", "coordinates": [86.0072578, 20.061023]}, "properties": {"id": 1387280416, "type": "arterial_road", "name": "Unnamed Asset", "criticality_weight": 0.6}}, {"type": "Feature", "geometry": {"type": "Point", "coordinates": [85.8052708, 19.803743]}, "properties": {"id": 1409419179, "type": "healthcare", "name": "Fahther Marian Lepra Centre", "criticality_weight": 1.0}}, {"type": "Feature", "geometry": {"type": "Point", "coordinates": [85.5155839, 19.7160545]}, "properties": {"id": 1467361003, "type": "power", "name": "Unnamed Asset", "criticality_weight": 0.9}}, {"type": "Feature", "geometry": {"type": "Point", "coordinates": [85.7549738, 19.8507222]}, "properties": {"id": 1467361004, "type": "power", "name": "Unnamed Asset", "criticality_weight": 0.9}}, {"type": "Feature", "geometry": {"type": "Point", "coordinates": [85.7007542, 20.0311596]}, "properties": {"id": 1467361005, "type": "power", "name": "Unnamed Asset", "criticality_weight": 0.9}}, {"type": "Feature", "geometry": {"type": "Point", "coordinates": [86.0086249, 19.9397495]}, "properties": {"id": 1467361015, "type": "power", "name": "Unnamed Asset", "criticality_weight": 0.9}}, {"type": "Feature", "geometry": {"type": "Point", "coordinates": [86.0257978, 19.9703275]}, "properties": {"id": 1467361019, "type": "power", "name": "Unnamed Asset", "criticality_weight": 0.9}}, {"type": "Feature", "geometry": {"type": "Point", "coordinates": [86.2732879, 19.9677233]}, "properties": {"id": 1467361022, "type": "power", "name": "Unnamed Asset", "criticality_weight": 0.9}}, {"type": "Feature", "geometry": {"type": "Point", "coordinates": [86.1842747, 19.940908]}, "properties": {"id": 1467361023, "type": "power", "name": "Unnamed Asset", "criticality_weight": 0.9}}, {"type": "Feature", "geometry": {"type": "Point", "coordinates": [85.8367128, 20.0453727]}, "properties": {"id": 1467361026, "type": "power", "name": "Unnamed Asset", "criticality_weight": 0.9}}, {"type": "Feature", "geometry": {"type": "Point", "coordinates": [85.6617435, 19.8678247]}, "properties": {"id": 1469298903, "type": "power", "name": "Unnamed Asset", "criticality_weight": 0.9}}, {"type": "Feature", "geometry": {"type": "Point", "coordinates": [86.195876, 20.0008439]}, "properties": {"id": 1486788138, "type": "arterial_road", "name": "Unnamed Asset", "criticality_weight": 0.6}}, {"type": "Feature", "geometry": {"type": "Point", "coordinates": [86.1973034, 19.9993192]}, "properties": {"id": 1486788139, "type": "arterial_road", "name": "Unnamed Asset", "criticality_weight": 0.6}}, {"type": "Feature", "geometry": {"type": "Point", "coordinates": [86.1977565, 19.9786888]}, "properties": {"id": 1486788140, "type": "arterial_road", "name": "Unnamed Asset", "criticality_weight": 0.6}}, {"type": "Feature", "geometry": {"type": "Point", "coordinates": [86.1993623, 19.9800757]}, "properties": {"id": 1486788141, "type": "arterial_road", "name": "Unnamed Asset", "criticality_weight": 0.6}}, {"type": "Feature", "geometry": {"type": "Point", "coordinates": [86.2237398, 19.9953904]}, "properties": {"id": 1486788162, "type": "arterial_road", "name": "Unnamed Asset", "criticality_weight": 0.6}}, {"type": "Feature", "geometry": {"type": "Point", "coordinates": [86.2238383, 19.9953655]}, "properties": {"id": 1486788163, "type": "arterial_road", "name": "Unnamed Asset", "criticality_weight": 0.6}}, {"type": "Feature", "geometry": {"type": "Point", "coordinates": [86.115889, 20.0107626]}, "properties": {"id": 1486795806, "type": "arterial_road", "name": "Unnamed Asset", "criticality_weight": 0.6}}, {"type": "Feature", "geometry": {"type": "Point", "coordinates": [86.1136066, 20.0070439]}, "properties": {"id": 1486795807, "type": "arterial_road", "name": "Unnamed Asset", "criticality_weight": 0.6}}, {"type": "Feature", "geometry": {"type": "Point", "coordinates": [86.1141106, 20.0075266]}, "properties": {"id": 1486795856, "type": "arterial_road", "name": "Unnamed Asset", "criticality_weight": 0.6}}, {"type": "Feature", "geometry": {"type": "Point", "coordinates": [86.1145614, 20.0079234]}, "properties": {"id": 1486795857, "type": "arterial_road", "name": "Unnamed Asset", "criticality_weight": 0.6}}, {"type": "Feature", "geometry": {"type": "Point", "coordinates": [86.1273316, 20.0326945]}, "properties": {"id": 1486807455, "type": "arterial_road", "name": "Unnamed Asset", "criticality_weight": 0.6}}, {"type": "Feature", "geometry": {"type": "Point", "coordinates": [86.1284363, 20.0300346]}, "properties": {"id": 1486807456, "type": "arterial_road", "name": "Unnamed Asset", "criticality_weight": 0.6}}, {"type": "Feature", "geometry": {"type": "Point", "coordinates": [86.1745695, 20.0076598]}, "properties": {"id": 1486832877, "type": "arterial_road", "name": "Unnamed Asset", "criticality_weight": 0.6}}, {"type": "Feature", "geometry": {"type": "Point", "coordinates": [86.175035, 20.0076788]}, "properties": {"id": 1486832878, "type": "arterial_road", "name": "Unnamed Asset", "criticality_weight": 0.6}}, {"type": "Feature", "geometry": {"type": "Point", "coordinates": [86.1885843, 19.989556]}, "properties": {"id": 1486832883, "type": "arterial_road", "name": "Unnamed Asset", "criticality_weight": 0.6}}, {"type": "Feature", "geometry": {"type": "Point", "coordinates": [86.1848193, 19.9949895]}, "properties": {"id": 1486832884, "type": "arterial_road", "name": "Unnamed Asset", "criticality_weight": 0.6}}, {"type": "Feature", "geometry": {"type": "Point", "coordinates": [86.1933973, 19.9834001]}, "properties": {"id": 1486832885, "type": "arterial_road", "name": "Unnamed Asset", "criticality_weight": 0.6}}, {"type": "Feature", "geometry": {"type": "Point", "coordinates": [86.192751, 19.9841354]}, "properties": {"id": 1486832886, "type": "arterial_road", "name": "Unnamed Asset", "criticality_weight": 0.6}}, {"type": "Feature", "geometry": {"type": "Point", "coordinates": [86.0049212, 20.0606073]}, "properties": {"id": 1491778581, "type": "arterial_road", "name": "Unnamed Asset", "criticality_weight": 0.6}}, {"type": "Feature", "geometry": {"type": "Point", "coordinates": [85.9804673, 20.0700454]}, "properties": {"id": 1491778582, "type": "arterial_road", "name": "Unnamed Asset", "criticality_weight": 0.6}}, {"type": "Feature", "geometry": {"type": "Point", "coordinates": [86.0018398, 20.0616014]}, "properties": {"id": 1491778583, "type": "arterial_road", "name": "Unnamed Asset", "criticality_weight": 0.6}}, {"type": "Feature", "geometry": {"type": "Point", "coordinates": [85.9802667, 20.0701482]}, "properties": {"id": 1491779870, "type": "arterial_road", "name": "Unnamed Asset", "criticality_weight": 0.6}}, {"type": "Feature", "geometry": {"type": "Point", "coordinates": [85.982469, 20.0695027]}, "properties": {"id": 1491779871, "type": "arterial_road", "name": "Unnamed Asset", "criticality_weight": 0.6}}, {"type": "Feature", "geometry": {"type": "Point", "coordinates": [85.9821994, 20.0695894]}, "properties": {"id": 1491779872, "type": "arterial_road", "name": "Unnamed Asset", "criticality_weight": 0.6}}, {"type": "Feature", "geometry": {"type": "Point", "coordinates": [85.9840475, 20.068936]}, "properties": {"id": 1491779873, "type": "arterial_road", "name": "Unnamed Asset", "criticality_weight": 0.6}}, {"type": "Feature", "geometry": {"type": "Point", "coordinates": [85.9861042, 20.0681896]}, "properties": {"id": 1491779874, "type": "arterial_road", "name": "Unnamed Asset", "criticality_weight": 0.6}}, {"type": "Feature", "geometry": {"type": "Point", "coordinates": [85.9867888, 20.0679361]}, "properties": {"id": 1491779875, "type": "arterial_road", "name": "Unnamed Asset", "criticality_weight": 0.6}}, {"type": "Feature", "geometry": {"type": "Point", "coordinates": [85.9874301, 20.0676995]}, "properties": {"id": 1491779876, "type": "arterial_road", "name": "Unnamed Asset", "criticality_weight": 0.6}}, {"type": "Feature", "geometry": {"type": "Point", "coordinates": [85.9880338, 20.0674772]}, "properties": {"id": 1491779877, "type": "arterial_road", "name": "Unnamed Asset", "criticality_weight": 0.6}}, {"type": "Feature", "geometry": {"type": "Point", "coordinates": [85.991076, 20.0664935]}, "properties": {"id": 1491779879, "type": "arterial_road", "name": "Unnamed Asset", "criticality_weight": 0.6}}, {"type": "Feature", "geometry": {"type": "Point", "coordinates": [85.9943823, 20.0655084]}, "properties": {"id": 1491779880, "type": "arterial_road", "name": "Unnamed Asset", "criticality_weight": 0.6}}, {"type": "Feature", "geometry": {"type": "Point", "coordinates": [85.9949367, 20.0654487]}, "properties": {"id": 1491779882, "type": "arterial_road", "name": "Unnamed Asset", "criticality_weight": 0.6}}, {"type": "Feature", "geometry": {"type": "Point", "coordinates": [85.995612, 20.0653861]}, "properties": {"id": 1491779883, "type": "arterial_road", "name": "Unnamed Asset", "criticality_weight": 0.6}}, {"type": "Feature", "geometry": {"type": "Point", "coordinates": [85.9968281, 20.0652769]}, "properties": {"id": 1491779884, "type": "arterial_road", "name": "Unnamed Asset", "criticality_weight": 0.6}}, {"type": "Feature", "geometry": {"type": "Point", "coordinates": [85.9980426, 20.0650927]}, "properties": {"id": 1491779885, "type": "arterial_road", "name": "Unnamed Asset", "criticality_weight": 0.6}}, {"type": "Feature", "geometry": {"type": "Point", "coordinates": [85.9997927, 20.0636212]}, "properties": {"id": 1491779886, "type": "arterial_road", "name": "Unnamed Asset", "criticality_weight": 0.6}}, {"type": "Feature", "geometry": {"type": "Point", "coordinates": [86.0008883, 20.0623723]}, "properties": {"id": 1491779887, "type": "arterial_road", "name": "Unnamed Asset", "criticality_weight": 0.6}}, {"type": "Feature", "geometry": {"type": "Point", "coordinates": [86.0038647, 20.0606383]}, "properties": {"id": 1491779888, "type": "arterial_road", "name": "Unnamed Asset", "criticality_weight": 0.6}}, {"type": "Feature", "geometry": {"type": "Point", "coordinates": [86.0030112, 20.0608339]}, "properties": {"id": 1491779889, "type": "arterial_road", "name": "Unnamed Asset", "criticality_weight": 0.6}}, {"type": "Feature", "geometry": {"type": "Point", "coordinates": [85.9986155, 20.0648778]}, "properties": {"id": 1491779890, "type": "arterial_road", "name": "Unnamed Asset", "criticality_weight": 0.6}}, {"type": "Feature", "geometry": {"type": "Point", "coordinates": [85.9985205, 20.0649244]}, "properties": {"id": 1491779891, "type": "arterial_road", "name": "Unnamed Asset", "criticality_weight": 0.6}}, {"type": "Feature", "geometry": {"type": "Point", "coordinates": [85.9987051, 20.0648588]}, "properties": {"id": 1491779892, "type": "arterial_road", "name": "Unnamed Asset", "criticality_weight": 0.6}}, {"type": "Feature", "geometry": {"type": "Point", "coordinates": [85.9985888, 20.0649496]}, "properties": {"id": 1491779893, "type": "arterial_road", "name": "Unnamed Asset", "criticality_weight": 0.6}}, {"type": "Feature", "geometry": {"type": "Point", "coordinates": [85.9996987, 20.0635925]}, "properties": {"id": 1491779895, "type": "arterial_road", "name": "Unnamed Asset", "criticality_weight": 0.6}}, {"type": "Feature", "geometry": {"type": "Point", "coordinates": [85.9985493, 20.0648526]}, "properties": {"id": 1491779896, "type": "arterial_road", "name": "Unnamed Asset", "criticality_weight": 0.6}}, {"type": "Feature", "geometry": {"type": "Point", "coordinates": [86.0140595, 19.9440005]}, "properties": {"id": 1491787679, "type": "arterial_road", "name": "Gop - Balighai Road", "criticality_weight": 0.6}}, {"type": "Feature", "geometry": {"type": "Point", "coordinates": [86.014042, 19.943897]}, "properties": {"id": 1491787680, "type": "arterial_road", "name": "Gop - Balighai Road", "criticality_weight": 0.6}}, {"type": "Feature", "geometry": {"type": "Point", "coordinates": [85.9458256, 20.0843507]}, "properties": {"id": 1491821497, "type": "arterial_road", "name": "Unnamed Asset", "criticality_weight": 0.6}}, {"type": "Feature", "geometry": {"type": "Point", "coordinates": [85.943664, 20.0847966]}, "properties": {"id": 1491821498, "type": "arterial_road", "name": "Unnamed Asset", "criticality_weight": 0.6}}, {"type": "Feature", "geometry": {"type": "Point", "coordinates": [86.0994966, 19.8910697]}, "properties": {"id": 1492120102, "type": "arterial_road", "name": "Unnamed Asset", "criticality_weight": 0.6}}, {"type": "Feature", "geometry": {"type": "Point", "coordinates": [86.0986227, 19.8906293]}, "properties": {"id": 1492120103, "type": "arterial_road", "name": "Unnamed Asset", "criticality_weight": 0.6}}, {"type": "Feature", "geometry": {"type": "Point", "coordinates": [86.0995613, 19.8910628]}, "properties": {"id": 1492120104, "type": "arterial_road", "name": "Unnamed Asset", "criticality_weight": 0.6}}, {"type": "Feature", "geometry": {"type": "Point", "coordinates": [86.0996458, 19.8911649]}, "properties": {"id": 1492120105, "type": "arterial_road", "name": "Unnamed Asset", "criticality_weight": 0.6}}, {"type": "Feature", "geometry": {"type": "Point", "coordinates": [86.0996672, 19.8911359]}, "properties": {"id": 1492120106, "type": "arterial_road", "name": "Unnamed Asset", "criticality_weight": 0.6}}, {"type": "Feature", "geometry": {"type": "Point", "coordinates": [86.1972004, 19.999345]}, "properties": {"id": 1492120921, "type": "arterial_road", "name": "Unnamed Asset", "criticality_weight": 0.6}}, {"type": "Feature", "geometry": {"type": "Point", "coordinates": [85.8303829, 19.8176822]}, "properties": {"id": 1493045252, "type": "arterial_road", "name": "Unnamed Asset", "criticality_weight": 0.6}}, {"type": "Feature", "geometry": {"type": "Point", "coordinates": [85.8303734, 19.81763]}, "properties": {"id": 1493045253, "type": "arterial_road", "name": "Unnamed Asset", "criticality_weight": 0.6}}, {"type": "Feature", "geometry": {"type": "Point", "coordinates": [85.8303189, 19.8176562]}, "properties": {"id": 1493045254, "type": "arterial_road", "name": "Unnamed Asset", "criticality_weight": 0.6}}, {"type": "Feature", "geometry": {"type": "Point", "coordinates": [85.8303328, 19.8176397]}, "properties": {"id": 1493045255, "type": "arterial_road", "name": "Unnamed Asset", "criticality_weight": 0.6}}]}
